Workbook
Name CMI_FrameVGap: 0
Name CMI_FrameVPad: 1
Name CMI_FrameXOffset: 4
Name CMI_FrameYOffset: 7
Name MLG_FrameVPad: 1
Name MLG_FrameXOffset: 4
Name MLG_FrameYOffset: 5

Sheet Feuil2 (2)
A1: 45880 | B1: =WEEKNUM(A1) -> 33 | C1: =YEAR(A1) -> 2025 | D1: =52-B1+B2 -> 41
A2: 46171.5 | B2: =WEEKNUM(A2) -> 22 | C2: =YEAR(A2) -> 2026
B3: week | C3: scheduled | D3: Month | E3: MLG | F3: CMI
A5: 1 | B5: =IFERROR(IF($A5+$B$1-1>52,$B$1+A5-53&"/"&IF($A5+$B$1-1>52,$C$2,$C$1),$B$1+A5-1&"/"&IF($A5+$B$1-1>52,$C$2,$C$1)),NA()) -> 33/2025 | C5: 15 | D5: =IFERROR(IF(IFERROR( TEXT( DATE(YEAR(TODAY()),1,1) +7*(IF($A5+$B$1-1>52,$B$1+A5-53,$B$1+A5-1)-1), "mmmm" ),NA())&" "&IF($A5+$B$1-1>52,RIGHT($C$2,2),RIGHT($C$1,2))=D4,NA(),IFERROR( TEXT( DATE(YEAR(TODAY()),1,1) +7*(IF($A5+$B$1-1>52,$B$1+A5-53,$B$1+A5-1)-1), "mmmm" ),NA())&" "&IF($A5+$B$1-1>52,RIGHT($C$2,2),RIGHT($C$1,2))),NA()) -> août 25 | E5: #N/A | F5: #N/A
A6: =IFERROR(IF(A5+1>$D$1,NA(),A5+1),NA()) -> 2 | B6: =IFERROR(IF($A6+$B$1-1>52,$B$1+A6-53&"/"&IF($A6+$B$1-1>52,$C$2,$C$1),$B$1+A6-1&"/"&IF($A6+$B$1-1>52,$C$2,$C$1)),NA()) -> 34/2025 | C6: 25 | D6: =IFERROR(IFERROR( TEXT( DATE(YEAR(TODAY()),1,1) +7*(IF($A6+$B$1-1>52,$B$1+A6-53,$B$1+A6-1)-1), "mmmm" ),NA())&" "&IF($A6+$B$1-1>52,RIGHT($C$2,2),RIGHT($C$1,2)),NA()) -> août 25 | E6: #N/A | F6: #N/A
A7: =IFERROR(IF(A6+1>$D$1,NA(),A6+1),NA()) -> 3 | B7: =IFERROR(IF($A7+$B$1-1>52,$B$1+A7-53&"/"&IF($A7+$B$1-1>52,$C$2,$C$1),$B$1+A7-1&"/"&IF($A7+$B$1-1>52,$C$2,$C$1)),NA()) -> 35/2025 | C7: 34 | D7: =IFERROR(IFERROR( TEXT( DATE(YEAR(TODAY()),1,1) +7*(IF($A7+$B$1-1>52,$B$1+A7-53,$B$1+A7-1)-1), "mmmm" ),NA())&" "&IF($A7+$B$1-1>52,RIGHT($C$2,2),RIGHT($C$1,2)),NA()) -> août 25 | E7: #N/A | F7: #N/A
A8: =IFERROR(IF(A7+1>$D$1,NA(),A7+1),NA()) -> 4 | B8: =IFERROR(IF($A8+$B$1-1>52,$B$1+A8-53&"/"&IF($A8+$B$1-1>52,$C$2,$C$1),$B$1+A8-1&"/"&IF($A8+$B$1-1>52,$C$2,$C$1)),NA()) -> 36/2025 | C8: 43 | D8: =IFERROR(IFERROR( TEXT( DATE(YEAR(TODAY()),1,1) +7*(IF($A8+$B$1-1>52,$B$1+A8-53,$B$1+A8-1)-1), "mmmm" ),NA())&" "&IF($A8+$B$1-1>52,RIGHT($C$2,2),RIGHT($C$1,2)),NA()) -> septembre 25 | E8: #N/A | F8: #N/A
A9: =IFERROR(IF(A8+1>$D$1,NA(),A8+1),NA()) -> 5 | B9: =IFERROR(IF($A9+$B$1-1>52,$B$1+A9-53&"/"&IF($A9+$B$1-1>52,$C$2,$C$1),$B$1+A9-1&"/"&IF($A9+$B$1-1>52,$C$2,$C$1)),NA()) -> 37/2025 | C9: 56 | D9: =IFERROR(IFERROR( TEXT( DATE(YEAR(TODAY()),1,1) +7*(IF($A9+$B$1-1>52,$B$1+A9-53,$B$1+A9-1)-1), "mmmm" ),NA())&" "&IF($A9+$B$1-1>52,RIGHT($C$2,2),RIGHT($C$1,2)),NA()) -> septembre 25 | E9: #N/A | F9: #N/A
A10: =IFERROR(IF(A9+1>$D$1,NA(),A9+1),NA()) -> 6 | B10: =IFERROR(IF($A10+$B$1-1>52,$B$1+A10-53&"/"&IF($A10+$B$1-1>52,$C$2,$C$1),$B$1+A10-1&"/"&IF($A10+$B$1-1>52,$C$2,$C$1)),NA()) -> 38/2025 | C10: 56 | D10: =IFERROR(IFERROR( TEXT( DATE(YEAR(TODAY()),1,1) +7*(IF($A10+$B$1-1>52,$B$1+A10-53,$B$1+A10-1)-1), "mmmm" ),NA())&" "&IF($A10+$B$1-1>52,RIGHT($C$2,2),RIGHT($C$1,2)),NA()) -> septembre 25 | E10: #N/A | F10: #N/A
A11: =IFERROR(IF(A10+1>$D$1,NA(),A10+1),NA()) -> 7 | B11: =IFERROR(IF($A11+$B$1-1>52,$B$1+A11-53&"/"&IF($A11+$B$1-1>52,$C$2,$C$1),$B$1+A11-1&"/"&IF($A11+$B$1-1>52,$C$2,$C$1)),NA()) -> 39/2025 | C11: 68 | D11: =IFERROR(IFERROR( TEXT( DATE(YEAR(TODAY()),1,1) +7*(IF($A11+$B$1-1>52,$B$1+A11-53,$B$1+A11-1)-1), "mmmm" ),NA())&" "&IF($A11+$B$1-1>52,RIGHT($C$2,2),RIGHT($C$1,2)),NA()) -> septembre 25 | E11: #N/A | F11: #N/A
A12: =IFERROR(IF(A11+1>$D$1,NA(),A11+1),NA()) -> 8 | B12: =IFERROR(IF($A12+$B$1-1>52,$B$1+A12-53&"/"&IF($A12+$B$1-1>52,$C$2,$C$1),$B$1+A12-1&"/"&IF($A12+$B$1-1>52,$C$2,$C$1)),NA()) -> 40/2025 | C12: 77 | D12: =IFERROR(IFERROR( TEXT( DATE(YEAR(TODAY()),1,1) +7*(IF($A12+$B$1-1>52,$B$1+A12-53,$B$1+A12-1)-1), "mmmm" ),NA())&" "&IF($A12+$B$1-1>52,RIGHT($C$2,2),RIGHT($C$1,2)),NA()) -> octobre 25 | E12: #N/A | F12: #N/A
A13: =IFERROR(IF(A12+1>$D$1,NA(),A12+1),NA()) -> 9 | B13: =IFERROR(IF($A13+$B$1-1>52,$B$1+A13-53&"/"&IF($A13+$B$1-1>52,$C$2,$C$1),$B$1+A13-1&"/"&IF($A13+$B$1-1>52,$C$2,$C$1)),NA()) -> 41/2025 | C13: 89 | D13: =IFERROR(IFERROR( TEXT( DATE(YEAR(TODAY()),1,1) +7*(IF($A13+$B$1-1>52,$B$1+A13-53,$B$1+A13-1)-1), "mmmm" ),NA())&" "&IF($A13+$B$1-1>52,RIGHT($C$2,2),RIGHT($C$1,2)),NA()) -> octobre 25 | E13: #N/A | F13: #N/A
A14: =IFERROR(IF(A13+1>$D$1,NA(),A13+1),NA()) -> 10 | B14: =IFERROR(IF($A14+$B$1-1>52,$B$1+A14-53&"/"&IF($A14+$B$1-1>52,$C$2,$C$1),$B$1+A14-1&"/"&IF($A14+$B$1-1>52,$C$2,$C$1)),NA()) -> 42/2025 | C14: 115 | D14: =IFERROR(IFERROR( TEXT( DATE(YEAR(TODAY()),1,1) +7*(IF($A14+$B$1-1>52,$B$1+A14-53,$B$1+A14-1)-1), "mmmm" ),NA())&" "&IF($A14+$B$1-1>52,RIGHT($C$2,2),RIGHT($C$1,2)),NA()) -> octobre 25 | E14: #N/A | F14: #N/A
A15: =IFERROR(IF(A14+1>$D$1,NA(),A14+1),NA()) -> 11 | B15: =IFERROR(IF($A15+$B$1-1>52,$B$1+A15-53&"/"&IF($A15+$B$1-1>52,$C$2,$C$1),$B$1+A15-1&"/"&IF($A15+$B$1-1>52,$C$2,$C$1)),NA()) -> 43/2025 | C15: 143 | D15: =IFERROR(IFERROR( TEXT( DATE(YEAR(TODAY()),1,1) +7*(IF($A15+$B$1-1>52,$B$1+A15-53,$B$1+A15-1)-1), "mmmm" ),NA())&" "&IF($A15+$B$1-1>52,RIGHT($C$2,2),RIGHT($C$1,2)),NA()) -> octobre 25 | E15: #N/A | F15: #N/A
A16: =IFERROR(IF(A15+1>$D$1,NA(),A15+1),NA()) -> 12 | B16: =IFERROR(IF($A16+$B$1-1>52,$B$1+A16-53&"/"&IF($A16+$B$1-1>52,$C$2,$C$1),$B$1+A16-1&"/"&IF($A16+$B$1-1>52,$C$2,$C$1)),NA()) -> 44/2025 | C16: 170 | D16: =IFERROR(IFERROR( TEXT( DATE(YEAR(TODAY()),1,1) +7*(IF($A16+$B$1-1>52,$B$1+A16-53,$B$1+A16-1)-1), "mmmm" ),NA())&" "&IF($A16+$B$1-1>52,RIGHT($C$2,2),RIGHT($C$1,2)),NA()) -> octobre 25 | E16: #N/A | F16: #N/A
A17: =IFERROR(IF(A16+1>$D$1,NA(),A16+1),NA()) -> 13 | B17: =IFERROR(IF($A17+$B$1-1>52,$B$1+A17-53&"/"&IF($A17+$B$1-1>52,$C$2,$C$1),$B$1+A17-1&"/"&IF($A17+$B$1-1>52,$C$2,$C$1)),NA()) -> 45/2025 | C17: 193 | D17: =IFERROR(IFERROR( TEXT( DATE(YEAR(TODAY()),1,1) +7*(IF($A17+$B$1-1>52,$B$1+A17-53,$B$1+A17-1)-1), "mmmm" ),NA())&" "&IF($A17+$B$1-1>52,RIGHT($C$2,2),RIGHT($C$1,2)),NA()) -> novembre 25 | E17: #N/A | F17: #N/A
... A26: =IFERROR(IF(A25+1>$D$1,NA(),A25+1),NA()) -> 22 | B26: =IFERROR(IF($A26+$B$1-1>52,$B$1+A26-53&"/"&IF($A26+$B$1-1>52,$C$2,$C$1),$B$1+A26-1&"/"&IF($A26+$B$1-1>52,$C$2,$C$1)),NA()) -> 2/2026 | C26: 243 | D26: =IFERROR(IFERROR( TEXT( DATE(YEAR(TODAY()),1,1) +7*(IF($A26+$B$1-1>52,$B$1+A26-53,$B$1+A26-1)-1), "mmmm" ),NA())&" "&IF($A26+$B$1-1>52,RIGHT($C$2,2),RIGHT($C$1,2)),NA()) -> janvier 26 | E26: #N/A | F26: #N/A
A27: =IFERROR(IF(A26+1>$D$1,NA(),A26+1),NA()) -> 23 | B27: =IFERROR(IF($A27+$B$1-1>52,$B$1+A27-53&"/"&IF($A27+$B$1-1>52,$C$2,$C$1),$B$1+A27-1&"/"&IF($A27+$B$1-1>52,$C$2,$C$1)),NA()) -> 3/2026 | C27: 251 | D27: =IFERROR(IFERROR( TEXT( DATE(YEAR(TODAY()),1,1) +7*(IF($A27+$B$1-1>52,$B$1+A27-53,$B$1+A27-1)-1), "mmmm" ),NA())&" "&IF($A27+$B$1-1>52,RIGHT($C$2,2),RIGHT($C$1,2)),NA()) -> janvier 26 | E27: #N/A | F27: #N/A | G27: =IF($A5+$B$1-1>52,$B$1+$A5-53,$B$1+$A5-1) -> 33 | H27: =IF($A5+$B$1-1>52,$C$2,$C$1) -> 2025
A28: =IFERROR(IF(A27+1>$D$1,NA(),A27+1),NA()) -> 24 | B28: =IFERROR(IF($A28+$B$1-1>52,$B$1+A28-53&"/"&IF($A28+$B$1-1>52,$C$2,$C$1),$B$1+A28-1&"/"&IF($A28+$B$1-1>52,$C$2,$C$1)),NA()) -> 4/2026 | C28: 269 | D28: =IFERROR(IFERROR( TEXT( DATE(YEAR(TODAY()),1,1) +7*(IF($A28+$B$1-1>52,$B$1+A28-53,$B$1+A28-1)-1), "mmmm" ),NA())&" "&IF($A28+$B$1-1>52,RIGHT($C$2,2),RIGHT($C$1,2)),NA()) -> janvier 26 | E28: #N/A | F28: #N/A | G28: =_xlfn.ISOWEEKNUM(TODAY()) -> 34
A29: =IFERROR(IF(A28+1>$D$1,NA(),A28+1),NA()) -> 25 | B29: =IFERROR(IF($A29+$B$1-1>52,$B$1+A29-53&"/"&IF($A29+$B$1-1>52,$C$2,$C$1),$B$1+A29-1&"/"&IF($A29+$B$1-1>52,$C$2,$C$1)),NA()) -> 5/2026 | C29: 290 | D29: =IFERROR(IFERROR( TEXT( DATE(YEAR(TODAY()),1,1) +7*(IF($A29+$B$1-1>52,$B$1+A29-53,$B$1+A29-1)-1), "mmmm" ),NA())&" "&IF($A29+$B$1-1>52,RIGHT($C$2,2),RIGHT($C$1,2)),NA()) -> janvier 26 | E29: #N/A | F29: #N/A | G29: =YEAR(TODAY()) -> 2026
A30: =IFERROR(IF(A29+1>$D$1,NA(),A29+1),NA()) -> 26 | B30: =IFERROR(IF($A30+$B$1-1>52,$B$1+A30-53&"/"&IF($A30+$B$1-1>52,$C$2,$C$1),$B$1+A30-1&"/"&IF($A30+$B$1-1>52,$C$2,$C$1)),NA()) -> 6/2026 | C30: 314 | D30: =IFERROR(IFERROR( TEXT( DATE(YEAR(TODAY()),1,1) +7*(IF($A30+$B$1-1>52,$B$1+A30-53,$B$1+A30-1)-1), "mmmm" ),NA())&" "&IF($A30+$B$1-1>52,RIGHT($C$2,2),RIGHT($C$1,2)),NA()) -> février 26 | E30: #N/A | F30: #N/A
A31: =IFERROR(IF(A30+1>$D$1,NA(),A30+1),NA()) -> 27 | B31: =IFERROR(IF($A31+$B$1-1>52,$B$1+A31-53&"/"&IF($A31+$B$1-1>52,$C$2,$C$1),$B$1+A31-1&"/"&IF($A31+$B$1-1>52,$C$2,$C$1)),NA()) -> 7/2026 | C31: 333 | D31: =IFERROR(IFERROR( TEXT( DATE(YEAR(TODAY()),1,1) +7*(IF($A31+$B$1-1>52,$B$1+A31-53,$B$1+A31-1)-1), "mmmm" ),NA())&" "&IF($A31+$B$1-1>52,RIGHT($C$2,2),RIGHT($C$1,2)),NA()) -> février 26 | E31: #N/A | F31: #N/A
A32: =IFERROR(IF(A31+1>$D$1,NA(),A31+1),NA()) -> 28 | B32: =IFERROR(IF($A32+$B$1-1>52,$B$1+A32-53&"/"&IF($A32+$B$1-1>52,$C$2,$C$1),$B$1+A32-1&"/"&IF($A32+$B$1-1>52,$C$2,$C$1)),NA()) -> 8/2026 | C32: 357 | D32: =IFERROR(IFERROR( TEXT( DATE(YEAR(TODAY()),1,1) +7*(IF($A32+$B$1-1>52,$B$1+A32-53,$B$1+A32-1)-1), "mmmm" ),NA())&" "&IF($A32+$B$1-1>52,RIGHT($C$2,2),RIGHT($C$1,2)),NA()) -> février 26 | E32: #N/A | F32: #N/A
A33: =IFERROR(IF(A32+1>$D$1,NA(),A32+1),NA()) -> 29 | B33: =IFERROR(IF($A33+$B$1-1>52,$B$1+A33-53&"/"&IF($A33+$B$1-1>52,$C$2,$C$1),$B$1+A33-1&"/"&IF($A33+$B$1-1>52,$C$2,$C$1)),NA()) -> 9/2026 | C33: 373 | D33: =IFERROR(IFERROR( TEXT( DATE(YEAR(TODAY()),1,1) +7*(IF($A33+$B$1-1>52,$B$1+A33-53,$B$1+A33-1)-1), "mmmm" ),NA())&" "&IF($A33+$B$1-1>52,RIGHT($C$2,2),RIGHT($C$1,2)),NA()) -> février 26 | E33: #N/A | F33: #N/A
A34: =IFERROR(IF(A33+1>$D$1,NA(),A33+1),NA()) -> 30 | B34: =IFERROR(IF($A34+$B$1-1>52,$B$1+A34-53&"/"&IF($A34+$B$1-1>52,$C$2,$C$1),$B$1+A34-1&"/"&IF($A34+$B$1-1>52,$C$2,$C$1)),NA()) -> 10/2026 | C34: 390 | D34: =IFERROR(IFERROR( TEXT( DATE(YEAR(TODAY()),1,1) +7*(IF($A34+$B$1-1>52,$B$1+A34-53,$B$1+A34-1)-1), "mmmm" ),NA())&" "&IF($A34+$B$1-1>52,RIGHT($C$2,2),RIGHT($C$1,2)),NA()) -> mars 26 | E34: #N/A | F34: #N/A
A35: =IFERROR(IF(A34+1>$D$1,NA(),A34+1),NA()) -> 31 | B35: =IFERROR(IF($A35+$B$1-1>52,$B$1+A35-53&"/"&IF($A35+$B$1-1>52,$C$2,$C$1),$B$1+A35-1&"/"&IF($A35+$B$1-1>52,$C$2,$C$1)),NA()) -> 11/2026 | C35: 406 | D35: =IFERROR(IFERROR( TEXT( DATE(YEAR(TODAY()),1,1) +7*(IF($A35+$B$1-1>52,$B$1+A35-53,$B$1+A35-1)-1), "mmmm" ),NA())&" "&IF($A35+$B$1-1>52,RIGHT($C$2,2),RIGHT($C$1,2)),NA()) -> mars 26 | E35: #N/A | F35: #N/A
A36: =IFERROR(IF(A35+1>$D$1,NA(),A35+1),NA()) -> 32 | B36: =IFERROR(IF($A36+$B$1-1>52,$B$1+A36-53&"/"&IF($A36+$B$1-1>52,$C$2,$C$1),$B$1+A36-1&"/"&IF($A36+$B$1-1>52,$C$2,$C$1)),NA()) -> 12/2026 | C36: 409 | D36: =IFERROR(IFERROR( TEXT( DATE(YEAR(TODAY()),1,1) +7*(IF($A36+$B$1-1>52,$B$1+A36-53,$B$1+A36-1)-1), "mmmm" ),NA())&" "&IF($A36+$B$1-1>52,RIGHT($C$2,2),RIGHT($C$1,2)),NA()) -> mars 26 | E36: #N/A | F36: #N/A
A37: =IFERROR(IF(A36+1>$D$1,NA(),A36+1),NA()) -> 33 | B37: =IFERROR(IF($A37+$B$1-1>52,$B$1+A37-53&"/"&IF($A37+$B$1-1>52,$C$2,$C$1),$B$1+A37-1&"/"&IF($A37+$B$1-1>52,$C$2,$C$1)),NA()) -> 13/2026 | C37: 416 | D37: =IFERROR(IFERROR( TEXT( DATE(YEAR(TODAY()),1,1) +7*(IF($A37+$B$1-1>52,$B$1+A37-53,$B$1+A37-1)-1), "mmmm" ),NA())&" "&IF($A37+$B$1-1>52,RIGHT($C$2,2),RIGHT($C$1,2)),NA()) -> mars 26 | E37: #N/A | F37: #N/A
A38: =IFERROR(IF(A37+1>$D$1,NA(),A37+1),NA()) -> 34 | B38: =IFERROR(IF($A38+$B$1-1>52,$B$1+A38-53&"/"&IF($A38+$B$1-1>52,$C$2,$C$1),$B$1+A38-1&"/"&IF($A38+$B$1-1>52,$C$2,$C$1)),NA()) -> 14/2026 | C38: 438 | D38: =IFERROR(IFERROR( TEXT( DATE(YEAR(TODAY()),1,1) +7*(IF($A38+$B$1-1>52,$B$1+A38-53,$B$1+A38-1)-1), "mmmm" ),NA())&" "&IF($A38+$B$1-1>52,RIGHT($C$2,2),RIGHT($C$1,2)),NA()) -> avril 26 | E38: #N/A | F38: #N/A
A39: =IFERROR(IF(A38+1>$D$1,NA(),A38+1),NA()) -> 35 | B39: =IFERROR(IF($A39+$B$1-1>52,$B$1+A39-53&"/"&IF($A39+$B$1-1>52,$C$2,$C$1),$B$1+A39-1&"/"&IF($A39+$B$1-1>52,$C$2,$C$1)),NA()) -> 15/2026 | C39: 454 | D39: =IFERROR(IFERROR( TEXT( DATE(YEAR(TODAY()),1,1) +7*(IF($A39+$B$1-1>52,$B$1+A39-53,$B$1+A39-1)-1), "mmmm" ),NA())&" "&IF($A39+$B$1-1>52,RIGHT($C$2,2),RIGHT($C$1,2)),NA()) -> avril 26 | E39: #N/A | F39: #N/A
A40: =IFERROR(IF(A39+1>$D$1,NA(),A39+1),NA()) -> 36 | B40: =IFERROR(IF($A40+$B$1-1>52,$B$1+A40-53&"/"&IF($A40+$B$1-1>52,$C$2,$C$1),$B$1+A40-1&"/"&IF($A40+$B$1-1>52,$C$2,$C$1)),NA()) -> 16/2026 | C40: 479 | D40: =IFERROR(IFERROR( TEXT( DATE(YEAR(TODAY()),1,1) +7*(IF($A40+$B$1-1>52,$B$1+A40-53,$B$1+A40-1)-1), "mmmm" ),NA())&" "&IF($A40+$B$1-1>52,RIGHT($C$2,2),RIGHT($C$1,2)),NA()) -> avril 26 | E40: #N/A | F40: #N/A
A41: =IFERROR(IF(A40+1>$D$1,NA(),A40+1),NA()) -> 37 | B41: =IFERROR(IF($A41+$B$1-1>52,$B$1+A41-53&"/"&IF($A41+$B$1-1>52,$C$2,$C$1),$B$1+A41-1&"/"&IF($A41+$B$1-1>52,$C$2,$C$1)),NA()) -> 17/2026 | C41: 490 | D41: =IFERROR(IFERROR( TEXT( DATE(YEAR(TODAY()),1,1) +7*(IF($A41+$B$1-1>52,$B$1+A41-53,$B$1+A41-1)-1), "mmmm" ),NA())&" "&IF($A41+$B$1-1>52,RIGHT($C$2,2),RIGHT($C$1,2)),NA()) -> avril 26 | E41: #N/A | F41: #N/A
... A45: =IFERROR(IF(A44+1>$D$1,NA(),A44+1),NA()) -> 41 | B45: =IFERROR(IF($A45+$B$1-1>52,$B$1+A45-53&"/"&IF($A45+$B$1-1>52,$C$2,$C$1),$B$1+A45-1&"/"&IF($A45+$B$1-1>52,$C$2,$C$1)),NA()) -> 21/2026 | C45: 538 | D45: =IFERROR(IFERROR( TEXT( DATE(YEAR(TODAY()),1,1) +7*(IF($A45+$B$1-1>52,$B$1+A45-53,$B$1+A45-1)-1), "mmmm" ),NA())&" "&IF($A45+$B$1-1>52,RIGHT($C$2,2),RIGHT($C$1,2)),NA()) -> mai 26 | E45: #N/A | F45: #N/A
A46: =IFERROR(IF(A45+1>$D$1,NA(),A45+1),NA()) -> #N/A | B46: =IFERROR(IF($A46+$B$1-1>52,$B$1+A46-53&"/"&IF($A46+$B$1-1>52,$C$2,$C$1),$B$1+A46-1&"/"&IF($A46+$B$1-1>52,$C$2,$C$1)),NA()) -> #N/A | C46: #N/A | D46: =IFERROR(IFERROR( TEXT( DATE(YEAR(TODAY()),1,1) +7*(IF($A46+$B$1-1>52,$B$1+A46-53,$B$1+A46-1)-1), "mmmm" ),NA())&" "&IF($A46+$B$1-1>52,RIGHT($C$2,2),RIGHT($C$1,2)),NA()) -> #N/A | E46: #N/A | F46: #N/A
A47: =IFERROR(IF(A46+1>$D$1,NA(),A46+1),NA()) -> #N/A | B47: =IFERROR(IF($A47+$B$1-1>52,$B$1+A47-53&"/"&IF($A47+$B$1-1>52,$C$2,$C$1),$B$1+A47-1&"/"&IF($A47+$B$1-1>52,$C$2,$C$1)),NA()) -> #N/A | C47: #N/A | D47: =IFERROR(IFERROR( TEXT( DATE(YEAR(TODAY()),1,1) +7*(IF($A47+$B$1-1>52,$B$1+A47-53,$B$1+A47-1)-1), "mmmm" ),NA())&" "&IF($A47+$B$1-1>52,RIGHT($C$2,2),RIGHT($C$1,2)),NA()) -> #N/A | E47: #N/A | F47: #N/A
A48: =IFERROR(IF(A47+1>$D$1,NA(),A47+1),NA()) -> #N/A | B48: =IFERROR(IF($A48+$B$1-1>52,$B$1+A48-53&"/"&IF($A48+$B$1-1>52,$C$2,$C$1),$B$1+A48-1&"/"&IF($A48+$B$1-1>52,$C$2,$C$1)),NA()) -> #N/A | C48: #N/A | D48: =IFERROR(IFERROR( TEXT( DATE(YEAR(TODAY()),1,1) +7*(IF($A48+$B$1-1>52,$B$1+A48-53,$B$1+A48-1)-1), "mmmm" ),NA())&" "&IF($A48+$B$1-1>52,RIGHT($C$2,2),RIGHT($C$1,2)),NA()) -> #N/A | E48: #N/A | F48: #N/A
A49: =IFERROR(IF(A48+1>$D$1,NA(),A48+1),NA()) -> #N/A | B49: =IFERROR(IF($A49+$B$1-1>52,$B$1+A49-53&"/"&IF($A49+$B$1-1>52,$C$2,$C$1),$B$1+A49-1&"/"&IF($A49+$B$1-1>52,$C$2,$C$1)),NA()) -> #N/A | C49: #N/A | D49: =IFERROR(IFERROR( TEXT( DATE(YEAR(TODAY()),1,1) +7*(IF($A49+$B$1-1>52,$B$1+A49-53,$B$1+A49-1)-1), "mmmm" ),NA())&" "&IF($A49+$B$1-1>52,RIGHT($C$2,2),RIGHT($C$1,2)),NA()) -> #N/A | E49: #N/A | F49: #N/A
A50: =IFERROR(IF(A49+1>$D$1,NA(),A49+1),NA()) -> #N/A | B50: =IFERROR(IF($A50+$B$1-1>52,$B$1+A50-53&"/"&IF($A50+$B$1-1>52,$C$2,$C$1),$B$1+A50-1&"/"&IF($A50+$B$1-1>52,$C$2,$C$1)),NA()) -> #N/A | C50: #N/A | D50: =IFERROR(IFERROR( TEXT( DATE(YEAR(TODAY()),1,1) +7*(IF($A50+$B$1-1>52,$B$1+A50-53,$B$1+A50-1)-1), "mmmm" ),NA())&" "&IF($A50+$B$1-1>52,RIGHT($C$2,2),RIGHT($C$1,2)),NA()) -> #N/A | E50: #N/A | F50: #N/A
A51: =IFERROR(IF(A50+1>$D$1,NA(),A50+1),NA()) -> #N/A | B51: =IFERROR(IF($A51+$B$1-1>52,$B$1+A51-53&"/"&IF($A51+$B$1-1>52,$C$2,$C$1),$B$1+A51-1&"/"&IF($A51+$B$1-1>52,$C$2,$C$1)),NA()) -> #N/A | C51: #N/A | D51: =IFERROR(IFERROR( TEXT( DATE(YEAR(TODAY()),1,1) +7*(IF($A51+$B$1-1>52,$B$1+A51-53,$B$1+A51-1)-1), "mmmm" ),NA())&" "&IF($A51+$B$1-1>52,RIGHT($C$2,2),RIGHT($C$1,2)),NA()) -> #N/A | E51: #N/A | F51: #N/A
A52: =IFERROR(IF(A51+1>$D$1,NA(),A51+1),NA()) -> #N/A | B52: =IFERROR(IF($A52+$B$1-1>52,$B$1+A52-53&"/"&IF($A52+$B$1-1>52,$C$2,$C$1),$B$1+A52-1&"/"&IF($A52+$B$1-1>52,$C$2,$C$1)),NA()) -> #N/A | C52: #N/A | D52: =IFERROR(IFERROR( TEXT( DATE(YEAR(TODAY()),1,1) +7*(IF($A52+$B$1-1>52,$B$1+A52-53,$B$1+A52-1)-1), "mmmm" ),NA())&" "&IF($A52+$B$1-1>52,RIGHT($C$2,2),RIGHT($C$1,2)),NA()) -> #N/A | E52: #N/A | F52: #N/A
A53: =IFERROR(IF(A52+1>$D$1,NA(),A52+1),NA()) -> #N/A | B53: =IFERROR(IF($A53+$B$1-1>52,$B$1+A53-53&"/"&IF($A53+$B$1-1>52,$C$2,$C$1),$B$1+A53-1&"/"&IF($A53+$B$1-1>52,$C$2,$C$1)),NA()) -> #N/A | C53: #N/A | D53: =IFERROR(IFERROR( TEXT( DATE(YEAR(TODAY()),1,1) +7*(IF($A53+$B$1-1>52,$B$1+A53-53,$B$1+A53-1)-1), "mmmm" ),NA())&" "&IF($A53+$B$1-1>52,RIGHT($C$2,2),RIGHT($C$1,2)),NA()) -> #N/A | E53: #N/A | F53: #N/A
A54: =IFERROR(IF(A53+1>$D$1,NA(),A53+1),NA()) -> #N/A | B54: =IFERROR(IF($A54+$B$1-1>52,$B$1+A54-53&"/"&IF($A54+$B$1-1>52,$C$2,$C$1),$B$1+A54-1&"/"&IF($A54+$B$1-1>52,$C$2,$C$1)),NA()) -> #N/A | C54: #N/A | D54: =IFERROR(IFERROR( TEXT( DATE(YEAR(TODAY()),1,1) +7*(IF($A54+$B$1-1>52,$B$1+A54-53,$B$1+A54-1)-1), "mmmm" ),NA())&" "&IF($A54+$B$1-1>52,RIGHT($C$2,2),RIGHT($C$1,2)),NA()) -> #N/A | E54: #N/A | F54: #N/A
A55: =IFERROR(IF(A54+1>$D$1,NA(),A54+1),NA()) -> #N/A | B55: =IFERROR(IF($A55+$B$1-1>52,$B$1+A55-53&"/"&IF($A55+$B$1-1>52,$C$2,$C$1),$B$1+A55-1&"/"&IF($A55+$B$1-1>52,$C$2,$C$1)),NA()) -> #N/A | C55: #N/A | D55: =IFERROR(IFERROR( TEXT( DATE(YEAR(TODAY()),1,1) +7*(IF($A55+$B$1-1>52,$B$1+A55-53,$B$1+A55-1)-1), "mmmm" ),NA())&" "&IF($A55+$B$1-1>52,RIGHT($C$2,2),RIGHT($C$1,2)),NA()) -> #N/A | E55: #N/A | F55: #N/A
A56: =IFERROR(IF(A55+1>$D$1,NA(),A55+1),NA()) -> #N/A | B56: =IFERROR(IF($A56+$B$1-1>52,$B$1+A56-53&"/"&IF($A56+$B$1-1>52,$C$2,$C$1),$B$1+A56-1&"/"&IF($A56+$B$1-1>52,$C$2,$C$1)),NA()) -> #N/A | C56: #N/A | D56: =IFERROR(IFERROR( TEXT( DATE(YEAR(TODAY()),1,1) +7*(IF($A56+$B$1-1>52,$B$1+A56-53,$B$1+A56-1)-1), "mmmm" ),NA())&" "&IF($A56+$B$1-1>52,RIGHT($C$2,2),RIGHT($C$1,2)),NA()) -> #N/A | E56: #N/A | F56: #N/A
A60: {=_xlfn._xlws.FILTER(A5:F56,(YEAR(A5:A56)=YEAR(TODAY()))*(_xlfn.ISOWEEKNUM(A5:A56)<=_xlfn.ISOWEEKNUM(TODAY()))*(_xlfn.ISOWEEKNUM(A5:A56)>MAX(_xlfn.ISOWEEKNUM(TODAY())-5,0)),"")} -> #N/A

Sheet Dashboard
A1: ="WEEK N°"&WEEKNUM(TODAY())&"/"&YEAR(TODAY()) -> WEEK N°34/2026 | X1: CMI | AA1: MLG
A2: IAT Progression
V3: DELIVERY RATE | X3: 280.58364 | AA3: 311.18658
V5: P0 ITEMS NOT DELIVERED
V6: =IF(W6<>"",1,IF(AA6<>"",1,""))&IF(IF(W6<>"",1,IF(AA6<>"",1,""))<>"",".","") -> 1. | W6: CAPEX-017 | X6: Software | AA6: CAPEX-017 | AB6: Software
V7: =IF(W7<>"",LEFT(V6,LEN(V6)-1)+1,IF(AA7<>"",LEFT(V6,LEN(V6)-1)+1,""))&IF(IF(W7<>"",LEFT(V6,LEN(V6)-1)+1,IF(AA7<>"",LEFT(V6,LEN(V6)-1)+1,""))<>"",".","") -> 2. | W7: CAPEX-036 | X7: Elastic membrane manoscope | AA7: CAPEX-036 | AB7: Elastic membrane manoscope
V8: =IF(W8<>"",LEFT(V7,LEN(V7)-1)+1,IF(AA8<>"",LEFT(V7,LEN(V7)-1)+1,""))&IF(IF(W8<>"",LEFT(V7,LEN(V7)-1)+1,IF(AA8<>"",LEFT(V7,LEN(V7)-1)+1,""))<>"",".","") -> 3. | W8: CAPEX-056 | X8: Transformer training kit | AA8: CAPEX-056 | AB8: Transformer training kit
V9: =IF(W9<>"",LEFT(V8,LEN(V8)-1)+1,IF(AA9<>"",LEFT(V8,LEN(V8)-1)+1,""))&IF(IF(W9<>"",LEFT(V8,LEN(V8)-1)+1,IF(AA9<>"",LEFT(V8,LEN(V8)-1)+1,""))<>"",".","") -> 4. | W9: CAPEX-074 | X9: Acoustic kit | AA9: CAPEX-074 | AB9: Acoustic kit
V10: =IF(W10<>"",LEFT(V9,LEN(V9)-1)+1,IF(AA10<>"",LEFT(V9,LEN(V9)-1)+1,""))&IF(IF(W10<>"",LEFT(V9,LEN(V9)-1)+1,IF(AA10<>"",LEFT(V9,LEN(V9)-1)+1,""))<>"",".","") -> 5. | W10: CAPEX-077 | X10: Kit Electricity and electromagnetism | AA10: CAPEX-077 | AB10: Kit Electricity and electromagnetism
V11: =IF(W11<>"",LEFT(V10,LEN(V10)-1)+1,IF(AA11<>"",LEFT(V10,LEN(V10)-1)+1,""))&IF(IF(W11<>"",LEFT(V10,LEN(V10)-1)+1,IF(AA11<>"",LEFT(V10,LEN(V10)-1)+1,""))<>"",".","") -> 6. | AA11: CAPEX-080 | AB11: Power Kit
V12: =IF(W12<>"",LEFT(V11,LEN(V11)-1)+1,IF(AA12<>"",LEFT(V11,LEN(V11)-1)+1,""))&IF(IF(W12<>"",LEFT(V11,LEN(V11)-1)+1,IF(AA12<>"",LEFT(V11,LEN(V11)-1)+1,""))<>"",".","") -> 7. | AA12: CAPEX-081 | AB12: Electromagnetic induction
V13: =IF(W13<>"",LEFT(V12,LEN(V12)-1)+1,IF(AA13<>"",LEFT(V12,LEN(V12)-1)+1,""))&IF(IF(W13<>"",LEFT(V12,LEN(V12)-1)+1,IF(AA13<>"",LEFT(V12,LEN(V12)-1)+1,""))<>"",".","")
V14: =IF(W14<>"",LEFT(V13,LEN(V13)-1)+1,IF(AA14<>"",LEFT(V13,LEN(V13)-1)+1,""))&IF(IF(W14<>"",LEFT(V13,LEN(V13)-1)+1,IF(AA14<>"",LEFT(V13,LEN(V13)-1)+1,""))<>"",".","")
V15: =IF(W15<>"",LEFT(V14,LEN(V14)-1)+1,IF(AA15<>"",LEFT(V14,LEN(V14)-1)+1,""))&IF(IF(W15<>"",LEFT(V14,LEN(V14)-1)+1,IF(AA15<>"",LEFT(V14,LEN(V14)-1)+1,""))<>"",".","")
V16: =IF(W16<>"",LEFT(V15,LEN(V15)-1)+1,IF(AA16<>"",LEFT(V15,LEN(V15)-1)+1,""))&IF(IF(W16<>"",LEFT(V15,LEN(V15)-1)+1,IF(AA16<>"",LEFT(V15,LEN(V15)-1)+1,""))<>"",".","")
V17: =IF(W17<>"",LEFT(V16,LEN(V16)-1)+1,IF(AA17<>"",LEFT(V16,LEN(V16)-1)+1,""))&IF(IF(W17<>"",LEFT(V16,LEN(V16)-1)+1,IF(AA17<>"",LEFT(V16,LEN(V16)-1)+1,""))<>"",".","")
V18: =IF(W18<>"",LEFT(V17,LEN(V17)-1)+1,IF(AA18<>"",LEFT(V17,LEN(V17)-1)+1,""))&IF(IF(W18<>"",LEFT(V17,LEN(V17)-1)+1,IF(AA18<>"",LEFT(V17,LEN(V17)-1)+1,""))<>"",".","")
V19: =IF(W19<>"",LEFT(V18,LEN(V18)-1)+1,IF(AA19<>"",LEFT(V18,LEN(V18)-1)+1,""))&IF(IF(W19<>"",LEFT(V18,LEN(V18)-1)+1,IF(AA19<>"",LEFT(V18,LEN(V18)-1)+1,""))<>"",".","")
V20: =IF(W20<>"",LEFT(V19,LEN(V19)-1)+1,IF(AA20<>"",LEFT(V19,LEN(V19)-1)+1,""))&IF(IF(W20<>"",LEFT(V19,LEN(V19)-1)+1,IF(AA20<>"",LEFT(V19,LEN(V19)-1)+1,""))<>"",".","")
V21: =IF(W21<>"",LEFT(V20,LEN(V20)-1)+1,IF(AA21<>"",LEFT(V20,LEN(V20)-1)+1,""))&IF(IF(W21<>"",LEFT(V20,LEN(V20)-1)+1,IF(AA21<>"",LEFT(V20,LEN(V20)-1)+1,""))<>"",".","")
V22: =IF(W22<>"",LEFT(V21,LEN(V21)-1)+1,IF(AA22<>"",LEFT(V21,LEN(V21)-1)+1,""))&IF(IF(W22<>"",LEFT(V21,LEN(V21)-1)+1,IF(AA22<>"",LEFT(V21,LEN(V21)-1)+1,""))<>"",".","")
V23: =IF(W23<>"",LEFT(V22,LEN(V22)-1)+1,IF(AA23<>"",LEFT(V22,LEN(V22)-1)+1,""))&IF(IF(W23<>"",LEFT(V22,LEN(V22)-1)+1,IF(AA23<>"",LEFT(V22,LEN(V22)-1)+1,""))<>"",".","")
V24: =IF(W24<>"",LEFT(V23,LEN(V23)-1)+1,IF(AA24<>"",LEFT(V23,LEN(V23)-1)+1,""))&IF(IF(W24<>"",LEFT(V23,LEN(V23)-1)+1,IF(AA24<>"",LEFT(V23,LEN(V23)-1)+1,""))<>"",".","")
... V27: =IF(W27<>"",LEFT(V26,LEN(V26)-1)+1,IF(AA27<>"",LEFT(V26,LEN(V26)-1)+1,""))&IF(IF(W27<>"",LEFT(V26,LEN(V26)-1)+1,IF(AA27<>"",LEFT(V26,LEN(V26)-1)+1,""))<>"",".","")
A28: IAT attendance rate | V28: =IF(W28<>"",LEFT(V27,LEN(V27)-1)+1,IF(AA28<>"",LEFT(V27,LEN(V27)-1)+1,""))&IF(IF(W28<>"",LEFT(V27,LEN(V27)-1)+1,IF(AA28<>"",LEFT(V27,LEN(V27)-1)+1,""))<>"",".","")
A29: MLG | B29: ='KPI MLG_Old'!M139 -> #DIV/0! | M29: CMI | N29: ='KPI CMI'!E138 -> 0.96223958

Sheet Feuil1
E1: THEORIE | K1: Pratique
A2: IAT | B2: GRADE | C2: LESSON | E2: A | F2: B | G2: C | H2: VALIDATION | I2: D | K2: A | L2: B | M2: C | N2: VALIDATION | O2: D
A3: TASYA | B3: 10 | C3: 1.1.1 | D3: 3 | H3: =IF(AND(ISBLANK(E3),ISBLANK(F3),ISBLANK(G3)),FALSE,TRUE) -> FALSE | J3: 0
A4: TASYA | B4: 10 | C4: 2.1.1 | D4: 2 | H4: =IF(AND(ISBLANK(E4),ISBLANK(F4),ISBLANK(G4)),FALSE,TRUE) -> FALSE | J4: 1 | N4: =IF(AND(ISBLANK(K4),ISBLANK(L4),ISBLANK(M4)),FALSE,TRUE) -> FALSE
A5: TASYA | B5: 10 | C5: 2.1.2 | D5: 1 | H5: =IF(AND(ISBLANK(E5),ISBLANK(F5),ISBLANK(G5)),FALSE,TRUE) -> FALSE | J5: 3 | N5: =IF(AND(ISBLANK(K5),ISBLANK(L5),ISBLANK(M5)),FALSE,TRUE) -> FALSE
A6: TASYA | B6: 10 | C6: 2.1.3 | D6: 1 | H6: =IF(AND(ISBLANK(E6),ISBLANK(F6),ISBLANK(G6)),FALSE,TRUE) -> FALSE | J6: 0
A7: TASYA | B7: 10 | C7: 2.1.4 | D7: 1 | H7: =IF(AND(ISBLANK(E7),ISBLANK(F7),ISBLANK(G7)),FALSE,TRUE) -> FALSE | J7: 1 | N7: =IF(AND(ISBLANK(K7),ISBLANK(L7),ISBLANK(M7)),FALSE,TRUE) -> FALSE
A8: TASYA | B8: 10 | C8: 2.1.5 | D8: 1 | H8: =IF(AND(ISBLANK(E8),ISBLANK(F8),ISBLANK(G8)),FALSE,TRUE) -> FALSE | J8: 1 | N8: =IF(AND(ISBLANK(K8),ISBLANK(L8),ISBLANK(M8)),FALSE,TRUE) -> FALSE
A9: TASYA | B9: 10 | C9: 2.1.6 | D9: 1 | H9: =IF(AND(ISBLANK(E9),ISBLANK(F9),ISBLANK(G9)),FALSE,TRUE) -> FALSE | J9: 1 | N9: =IF(AND(ISBLANK(K9),ISBLANK(L9),ISBLANK(M9)),FALSE,TRUE) -> FALSE
A10: TASYA | B10: 10 | C10: 2.2.1 | D10: 1 | H10: =IF(AND(ISBLANK(E10),ISBLANK(F10),ISBLANK(G10)),FALSE,TRUE) -> FALSE | J10: 0
A11: TASYA | B11: 10 | C11: 2.3.1 | D11: 1 | H11: =IF(AND(ISBLANK(E11),ISBLANK(F11),ISBLANK(G11)),FALSE,TRUE) -> FALSE | J11: 0
A12: TASYA | B12: 10 | C12: 2.3.2 | D12: 1 | H12: =IF(AND(ISBLANK(E12),ISBLANK(F12),ISBLANK(G12)),FALSE,TRUE) -> FALSE | J12: 2 | N12: =IF(AND(ISBLANK(K12),ISBLANK(L12),ISBLANK(M12)),FALSE,TRUE) -> FALSE
A13: TASYA | B13: 10 | C13: 2.3.3 | D13: 1 | H13: =IF(AND(ISBLANK(E13),ISBLANK(F13),ISBLANK(G13)),FALSE,TRUE) -> FALSE | J13: 1 | N13: =IF(AND(ISBLANK(K13),ISBLANK(L13),ISBLANK(M13)),FALSE,TRUE) -> FALSE
A14: TASYA | B14: 10 | C14: 2.3.4 | D14: 1 | H14: =IF(AND(ISBLANK(E14),ISBLANK(F14),ISBLANK(G14)),FALSE,TRUE) -> FALSE | J14: 1 | N14: =IF(AND(ISBLANK(K14),ISBLANK(L14),ISBLANK(M14)),FALSE,TRUE) -> FALSE
A15: TASYA | B15: 10 | C15: 2.4.1 | D15: 3 | H15: =IF(AND(ISBLANK(E15),ISBLANK(F15),ISBLANK(G15)),FALSE,TRUE) -> FALSE | J15: 0
A16: TASYA | B16: 10 | C16: 2.5.1 | D16: 2 | H16: =IF(AND(ISBLANK(E16),ISBLANK(F16),ISBLANK(G16)),FALSE,TRUE) -> FALSE | J16: 2 | N16: =IF(AND(ISBLANK(K16),ISBLANK(L16),ISBLANK(M16)),FALSE,TRUE) -> FALSE
A17: TASYA | B17: 10 | C17: 3A.1.1 | D17: 4 | H17: =IF(AND(ISBLANK(E17),ISBLANK(F17),ISBLANK(G17)),FALSE,TRUE) -> FALSE | J17: 0
A18: TASYA | B18: 10 | C18: 3A.2.1 | D18: 2 | H18: =IF(AND(ISBLANK(E18),ISBLANK(F18),ISBLANK(G18)),FALSE,TRUE) -> FALSE | J18: 0
A19: TASYA | B19: 10 | C19: 3A.3.1 | D19: 0 | H19: =IF(AND(ISBLANK(E19),ISBLANK(F19),ISBLANK(G19)),FALSE,TRUE) -> FALSE | J19: 8 | N19: =IF(AND(ISBLANK(K19),ISBLANK(L19),ISBLANK(M19)),FALSE,TRUE) -> FALSE
A20: TASYA | B20: 10 | C20: 3A.3.2 | D20: 0 | H20: =IF(AND(ISBLANK(E20),ISBLANK(F20),ISBLANK(G20)),FALSE,TRUE) -> FALSE | J20: 8 | N20: =IF(AND(ISBLANK(K20),ISBLANK(L20),ISBLANK(M20)),FALSE,TRUE) -> FALSE
A21: TASYA | B21: 10 | C21: 4A.1.1 | D21: 2 | H21: =IF(AND(ISBLANK(E21),ISBLANK(F21),ISBLANK(G21)),FALSE,TRUE) -> FALSE | J21: 0
A22: TASYA | B22: 10 | C22: 4A.1.2 | D22: 1 | H22: =IF(AND(ISBLANK(E22),ISBLANK(F22),ISBLANK(G22)),FALSE,TRUE) -> FALSE | J22: 2 | N22: =IF(AND(ISBLANK(K22),ISBLANK(L22),ISBLANK(M22)),FALSE,TRUE) -> FALSE
A23: TASYA | B23: 10 | C23: 4A.1.3 | D23: 1 | H23: =IF(AND(ISBLANK(E23),ISBLANK(F23),ISBLANK(G23)),FALSE,TRUE) -> FALSE | J23: 2 | N23: =IF(AND(ISBLANK(K23),ISBLANK(L23),ISBLANK(M23)),FALSE,TRUE) -> FALSE
A24: TASYA | B24: 10 | C24: 4A.1.4 | D24: 1 | H24: =IF(AND(ISBLANK(E24),ISBLANK(F24),ISBLANK(G24)),FALSE,TRUE) -> FALSE | J24: 0
A25: TASYA | B25: 10 | C25: 4A.1.5 | D25: 1 | H25: =IF(AND(ISBLANK(E25),ISBLANK(F25),ISBLANK(G25)),FALSE,TRUE) -> FALSE | J25: 0
A26: TASYA | B26: 10 | C26: 4A.1.6 | D26: 1 | H26: =IF(AND(ISBLANK(E26),ISBLANK(F26),ISBLANK(G26)),FALSE,TRUE) -> FALSE | J26: 2 | N26: =IF(AND(ISBLANK(K26),ISBLANK(L26),ISBLANK(M26)),FALSE,TRUE) -> FALSE
A27: TASYA | B27: 10 | C27: 4A.2.1 | D27: 1 | H27: =IF(AND(ISBLANK(E27),ISBLANK(F27),ISBLANK(G27)),FALSE,TRUE) -> FALSE | J27: 0
A28: TASYA | B28: 10 | C28: 4A.2.2 | D28: 1 | H28: =IF(AND(ISBLANK(E28),ISBLANK(F28),ISBLANK(G28)),FALSE,TRUE) -> FALSE | J28: 2 | N28: =IF(AND(ISBLANK(K28),ISBLANK(L28),ISBLANK(M28)),FALSE,TRUE) -> FALSE
A29: TASYA | B29: 10 | C29: 4A.2.3 | D29: 1 | H29: =IF(AND(ISBLANK(E29),ISBLANK(F29),ISBLANK(G29)),FALSE,TRUE) -> FALSE | J29: 2 | N29: =IF(AND(ISBLANK(K29),ISBLANK(L29),ISBLANK(M29)),FALSE,TRUE) -> FALSE
A30: TASYA | B30: 10 | C30: 4A.3.1 | D30: 1 | H30: =IF(AND(ISBLANK(E30),ISBLANK(F30),ISBLANK(G30)),FALSE,TRUE) -> FALSE | J30: 2 | N30: =IF(AND(ISBLANK(K30),ISBLANK(L30),ISBLANK(M30)),FALSE,TRUE) -> FALSE
A31: TASYA | B31: 10 | C31: 4A.3.2 | D31: 1 | H31: =IF(AND(ISBLANK(E31),ISBLANK(F31),ISBLANK(G31)),FALSE,TRUE) -> FALSE | J31: 0
A32: TASYA | B32: 10 | C32: 4A.3.3 | D32: 1 | H32: =IF(AND(ISBLANK(E32),ISBLANK(F32),ISBLANK(G32)),FALSE,TRUE) -> FALSE | J32: 3 | N32: =IF(AND(ISBLANK(K32),ISBLANK(L32),ISBLANK(M32)),FALSE,TRUE) -> FALSE
A33: TASYA | B33: 10 | C33: 5A.1.1 | D33: 4 | H33: =IF(AND(ISBLANK(E33),ISBLANK(F33),ISBLANK(G33)),FALSE,TRUE) -> FALSE | J33: 4 | N33: =IF(AND(ISBLANK(K33),ISBLANK(L33),ISBLANK(M33)),FALSE,TRUE) -> FALSE
A34: TASYA | B34: 10 | C34: 5A.1.2 | D34: 3 | H34: =IF(AND(ISBLANK(E34),ISBLANK(F34),ISBLANK(G34)),FALSE,TRUE) -> FALSE | J34: 0
A35: TASYA | B35: 10 | C35: 5A.2.1 | D35: 2 | H35: =IF(AND(ISBLANK(E35),ISBLANK(F35),ISBLANK(G35)),FALSE,TRUE) -> FALSE | J35: 4 | N35: =IF(AND(ISBLANK(K35),ISBLANK(L35),ISBLANK(M35)),FALSE,TRUE) -> FALSE
A36: TASYA | B36: 10 | C36: 5A.2.2 | D36: 4 | H36: =IF(AND(ISBLANK(E36),ISBLANK(F36),ISBLANK(G36)),FALSE,TRUE) -> FALSE | J36: 4 | N36: =IF(AND(ISBLANK(K36),ISBLANK(L36),ISBLANK(M36)),FALSE,TRUE) -> FALSE
A37: TASYA | B37: 10 | C37: 6A.1.1 | D37: 2 | H37: =IF(AND(ISBLANK(E37),ISBLANK(F37),ISBLANK(G37)),FALSE,TRUE) -> FALSE | J37: 2 | N37: =IF(AND(ISBLANK(K37),ISBLANK(L37),ISBLANK(M37)),FALSE,TRUE) -> FALSE
A38: TASYA | B38: 10 | C38: 6A.1.2 | D38: 2 | H38: =IF(AND(ISBLANK(E38),ISBLANK(F38),ISBLANK(G38)),FALSE,TRUE) -> FALSE | J38: 3 | N38: =IF(AND(ISBLANK(K38),ISBLANK(L38),ISBLANK(M38)),FALSE,TRUE) -> FALSE
A39: TASYA | B39: 10 | C39: 6A.2.1 | D39: 1 | H39: =IF(AND(ISBLANK(E39),ISBLANK(F39),ISBLANK(G39)),FALSE,TRUE) -> FALSE | J39: 0
A40: TASYA | B40: 10 | C40: 6A.2.2 | D40: 1 | H40: =IF(AND(ISBLANK(E40),ISBLANK(F40),ISBLANK(G40)),FALSE,TRUE) -> FALSE | J40: 4 | N40: =IF(AND(ISBLANK(K40),ISBLANK(L40),ISBLANK(M40)),FALSE,TRUE) -> FALSE
A41: TASYA | B41: 10 | C41: 6A.2.3 | D41: 2 | H41: =IF(AND(ISBLANK(E41),ISBLANK(F41),ISBLANK(G41)),FALSE,TRUE) -> FALSE | J41: 3 | N41: =IF(AND(ISBLANK(K41),ISBLANK(L41),ISBLANK(M41)),FALSE,TRUE) -> FALSE
A42: TASYA | B42: 10 | C42: 7A.1.1 | D42: 2 | H42: =IF(AND(ISBLANK(E42),ISBLANK(F42),ISBLANK(G42)),FALSE,TRUE) -> FALSE | J42: 0
A43: TASYA | B43: 10 | C43: 7A.1.2 | D43: 2 | H43: =IF(AND(ISBLANK(E43),ISBLANK(F43),ISBLANK(G43)),FALSE,TRUE) -> FALSE | J43: 0
A44: TASYA | B44: 10 | C44: 7A.1.3 | D44: 2 | H44: =IF(AND(ISBLANK(E44),ISBLANK(F44),ISBLANK(G44)),FALSE,TRUE) -> FALSE | J44: 0
A45: TASYA | B45: 10 | C45: 7A.1.4 | D45: 2 | H45: =IF(AND(ISBLANK(E45),ISBLANK(F45),ISBLANK(G45)),FALSE,TRUE) -> FALSE | J45: 0
A46: TASYA | B46: 10 | C46: 7A.1.5 | D46: 2 | H46: =IF(AND(ISBLANK(E46),ISBLANK(F46),ISBLANK(G46)),FALSE,TRUE) -> FALSE | J46: 0
A47: TASYA | B47: 10 | C47: 7A.1.6 | D47: 2 | H47: =IF(AND(ISBLANK(E47),ISBLANK(F47),ISBLANK(G47)),FALSE,TRUE) -> FALSE | J47: 0
A48: TASYA | B48: 11 | C48: 9.1.1 | D48: 1 | H48: =IF(AND(ISBLANK(E48),ISBLANK(F48),ISBLANK(G48)),FALSE,TRUE) -> FALSE | J48: 2 | N48: =IF(AND(ISBLANK(K48),ISBLANK(L48),ISBLANK(M48)),FALSE,TRUE) -> FALSE
A49: TASYA | B49: 11 | C49: 9.1.2 | D49: 2 | H49: =IF(AND(ISBLANK(E49),ISBLANK(F49),ISBLANK(G49)),FALSE,TRUE) -> FALSE | J49: 2 | N49: =IF(AND(ISBLANK(K49),ISBLANK(L49),ISBLANK(M49)),FALSE,TRUE) -> FALSE
A50: TASYA | B50: 11 | C50: 9.1.3 | D50: 2 | H50: =IF(AND(ISBLANK(E50),ISBLANK(F50),ISBLANK(G50)),FALSE,TRUE) -> FALSE | J50: 2 | N50: =IF(AND(ISBLANK(K50),ISBLANK(L50),ISBLANK(M50)),FALSE,TRUE) -> FALSE
A51: TASYA | B51: 11 | C51: 9.2.1 | D51: 2 | H51: =IF(AND(ISBLANK(E51),ISBLANK(F51),ISBLANK(G51)),FALSE,TRUE) -> FALSE | J51: 2 | N51: =IF(AND(ISBLANK(K51),ISBLANK(L51),ISBLANK(M51)),FALSE,TRUE) -> FALSE
A52: TASYA | B52: 11 | C52: 9.3.1 | D52: 2 | H52: =IF(AND(ISBLANK(E52),ISBLANK(F52),ISBLANK(G52)),FALSE,TRUE) -> FALSE | J52: 2 | N52: =IF(AND(ISBLANK(K52),ISBLANK(L52),ISBLANK(M52)),FALSE,TRUE) -> FALSE
A53: TASYA | B53: 11 | C53: 9.4.1 | D53: 1 | H53: =IF(AND(ISBLANK(E53),ISBLANK(F53),ISBLANK(G53)),FALSE,TRUE) -> FALSE | J53: 2 | N53: =IF(AND(ISBLANK(K53),ISBLANK(L53),ISBLANK(M53)),FALSE,TRUE) -> FALSE
A54: TASYA | B54: 11 | C54: 3B.1.1 | D54: 1 | H54: =IF(AND(ISBLANK(E54),ISBLANK(F54),ISBLANK(G54)),FALSE,TRUE) -> FALSE | J54: 2 | N54: =IF(AND(ISBLANK(K54),ISBLANK(L54),ISBLANK(M54)),FALSE,TRUE) -> FALSE
A55: TASYA | B55: 11 | C55: 3B.1.2 | D55: 1 | H55: =IF(AND(ISBLANK(E55),ISBLANK(F55),ISBLANK(G55)),FALSE,TRUE) -> FALSE | J55: 5 | N55: =IF(AND(ISBLANK(K55),ISBLANK(L55),ISBLANK(M55)),FALSE,TRUE) -> FALSE
A56: TASYA | B56: 11 | C56: 3B.2.1 | D56: 1 | H56: =IF(AND(ISBLANK(E56),ISBLANK(F56),ISBLANK(G56)),FALSE,TRUE) -> FALSE | J56: 2 | N56: =IF(AND(ISBLANK(K56),ISBLANK(L56),ISBLANK(M56)),FALSE,TRUE) -> FALSE
A57: TASYA | B57: 11 | C57: 3B.2.2 | D57: 2 | H57: =IF(AND(ISBLANK(E57),ISBLANK(F57),ISBLANK(G57)),FALSE,TRUE) -> FALSE | J57: 2 | N57: =IF(AND(ISBLANK(K57),ISBLANK(L57),ISBLANK(M57)),FALSE,TRUE) -> FALSE
A58: TASYA | B58: 11 | C58: 3B.2.3 | D58: 2 | H58: =IF(AND(ISBLANK(E58),ISBLANK(F58),ISBLANK(G58)),FALSE,TRUE) -> FALSE | J58: 0
A59: TASYA | B59: 11 | C59: 3B.3.1 | D59: 2 | H59: =IF(AND(ISBLANK(E59),ISBLANK(F59),ISBLANK(G59)),FALSE,TRUE) -> FALSE | J59: 1 | N59: =IF(AND(ISBLANK(K59),ISBLANK(L59),ISBLANK(M59)),FALSE,TRUE) -> FALSE
A60: TASYA | B60: 11 | C60: 3B.3.2 | D60: 1 | H60: =IF(AND(ISBLANK(E60),ISBLANK(F60),ISBLANK(G60)),FALSE,TRUE) -> FALSE | J60: 0
A61: TASYA | B61: 11 | C61: 4B.1.1 | D61: 1 | H61: =IF(AND(ISBLANK(E61),ISBLANK(F61),ISBLANK(G61)),FALSE,TRUE) -> FALSE | J61: 0
A62: TASYA | B62: 11 | C62: 4B.1.2 | D62: 1 | H62: =IF(AND(ISBLANK(E62),ISBLANK(F62),ISBLANK(G62)),FALSE,TRUE) -> FALSE | J62: 3 | N62: =IF(AND(ISBLANK(K62),ISBLANK(L62),ISBLANK(M62)),FALSE,TRUE) -> FALSE
A63: TASYA | B63: 11 | C63: 4B.1.4 | D63: 1 | H63: =IF(AND(ISBLANK(E63),ISBLANK(F63),ISBLANK(G63)),FALSE,TRUE) -> FALSE | J63: 2 | N63: =IF(AND(ISBLANK(K63),ISBLANK(L63),ISBLANK(M63)),FALSE,TRUE) -> FALSE
A64: TASYA | B64: 11 | C64: 4B.2.1 | D64: 1 | H64: =IF(AND(ISBLANK(E64),ISBLANK(F64),ISBLANK(G64)),FALSE,TRUE) -> FALSE | J64: 2 | N64: =IF(AND(ISBLANK(K64),ISBLANK(L64),ISBLANK(M64)),FALSE,TRUE) -> FALSE
A65: TASYA | B65: 11 | C65: 4B.2.3 | D65: 1 | H65: =IF(AND(ISBLANK(E65),ISBLANK(F65),ISBLANK(G65)),FALSE,TRUE) -> FALSE | J65: 2 | N65: =IF(AND(ISBLANK(K65),ISBLANK(L65),ISBLANK(M65)),FALSE,TRUE) -> FALSE
A66: TASYA | B66: 11 | C66: 4B.3.1 | D66: 1 | H66: =IF(AND(ISBLANK(E66),ISBLANK(F66),ISBLANK(G66)),FALSE,TRUE) -> FALSE | J66: 1 | N66: =IF(AND(ISBLANK(K66),ISBLANK(L66),ISBLANK(M66)),FALSE,TRUE) -> FALSE
A67: TASYA | B67: 11 | C67: 4B.3.2 | D67: 1 | H67: =IF(AND(ISBLANK(E67),ISBLANK(F67),ISBLANK(G67)),FALSE,TRUE) -> FALSE | J67: 1 | N67: =IF(AND(ISBLANK(K67),ISBLANK(L67),ISBLANK(M67)),FALSE,TRUE) -> FALSE
A68: TASYA | B68: 11 | C68: 4B.3.3 | D68: 1 | H68: =IF(AND(ISBLANK(E68),ISBLANK(F68),ISBLANK(G68)),FALSE,TRUE) -> FALSE | J68: 1 | N68: =IF(AND(ISBLANK(K68),ISBLANK(L68),ISBLANK(M68)),FALSE,TRUE) -> FALSE
A69: TASYA | B69: 11 | C69: 4B.3.4 | D69: 1 | H69: =IF(AND(ISBLANK(E69),ISBLANK(F69),ISBLANK(G69)),FALSE,TRUE) -> FALSE | J69: 2 | N69: =IF(AND(ISBLANK(K69),ISBLANK(L69),ISBLANK(M69)),FALSE,TRUE) -> FALSE
A70: TASYA | B70: 11 | C70: 4B.3.5 | D70: 1 | H70: =IF(AND(ISBLANK(E70),ISBLANK(F70),ISBLANK(G70)),FALSE,TRUE) -> FALSE | J70: 2 | N70: =IF(AND(ISBLANK(K70),ISBLANK(L70),ISBLANK(M70)),FALSE,TRUE) -> FALSE
A71: TASYA | B71: 11 | C71: 4B.3.6 | D71: 1 | H71: =IF(AND(ISBLANK(E71),ISBLANK(F71),ISBLANK(G71)),FALSE,TRUE) -> FALSE | J71: 1 | N71: =IF(AND(ISBLANK(K71),ISBLANK(L71),ISBLANK(M71)),FALSE,TRUE) -> FALSE
A72: TASYA | B72: 11 | C72: 4B.3.7 | D72: 1 | H72: =IF(AND(ISBLANK(E72),ISBLANK(F72),ISBLANK(G72)),FALSE,TRUE) -> FALSE | J72: 2 | N72: =IF(AND(ISBLANK(K72),ISBLANK(L72),ISBLANK(M72)),FALSE,TRUE) -> FALSE
A73: TASYA | B73: 11 | C73: 4B.3.8 | D73: 1 | H73: =IF(AND(ISBLANK(E73),ISBLANK(F73),ISBLANK(G73)),FALSE,TRUE) -> FALSE | J73: 2 | N73: =IF(AND(ISBLANK(K73),ISBLANK(L73),ISBLANK(M73)),FALSE,TRUE) -> FALSE
... A81: TASYA | B81: 11 | C81: 10A.1.1 | D81: 2 | H81: =IF(AND(ISBLANK(E81),ISBLANK(F81),ISBLANK(G81)),FALSE,TRUE) -> FALSE | J81: 2 | N81: =IF(AND(ISBLANK(K81),ISBLANK(L81),ISBLANK(M81)),FALSE,TRUE) -> FALSE
A82: TASYA | B82: 11 | C82: 10A.1.2 | D82: 2 | H82: =IF(AND(ISBLANK(E82),ISBLANK(F82),ISBLANK(G82)),FALSE,TRUE) -> FALSE | J82: 0
A83: TASYA | B83: 11 | C83: 10A.1.3 | D83: 2 | H83: =IF(AND(ISBLANK(E83),ISBLANK(F83),ISBLANK(G83)),FALSE,TRUE) -> FALSE | J83: 0
A84: TASYA | B84: 11 | C84: 11A.1.1 | D84: 2 | H84: =IF(AND(ISBLANK(E84),ISBLANK(F84),ISBLANK(G84)),FALSE,TRUE) -> FALSE | J84: 0
A85: TASYA | B85: 11 | C85: 11A.2.1 | D85: 6 | H85: =IF(AND(ISBLANK(E85),ISBLANK(F85),ISBLANK(G85)),FALSE,TRUE) -> FALSE | J85: 0
A86: TASYA | B86: 11 | C86: 7B.1.1 | D86: 3 | H86: =IF(AND(ISBLANK(E86),ISBLANK(F86),ISBLANK(G86)),FALSE,TRUE) -> FALSE | J86: 0
A87: TASYA | B87: 11 | C87: 7B.1.2 | D87: 3 | H87: =IF(AND(ISBLANK(E87),ISBLANK(F87),ISBLANK(G87)),FALSE,TRUE) -> FALSE | J87: 0
A88: TASYA | B88: 11 | C88: 7B.1.3 | D88: 3 | H88: =IF(AND(ISBLANK(E88),ISBLANK(F88),ISBLANK(G88)),FALSE,TRUE) -> FALSE | J88: 0
A89: TASYA | B89: 11 | C89: 7B.1.4 | D89: 3 | H89: =IF(AND(ISBLANK(E89),ISBLANK(F89),ISBLANK(G89)),FALSE,TRUE) -> FALSE | J89: 0
A90: TASYA | B90: 12 | C90: 3C.1.1 | D90: 2 | H90: =IF(AND(ISBLANK(E90),ISBLANK(F90),ISBLANK(G90)),FALSE,TRUE) -> FALSE | J90: 2 | N90: =IF(AND(ISBLANK(K90),ISBLANK(L90),ISBLANK(M90)),FALSE,TRUE) -> FALSE
A91: TASYA | B91: 12 | C91: 3C.1.2 | D91: 2 | H91: =IF(AND(ISBLANK(E91),ISBLANK(F91),ISBLANK(G91)),FALSE,TRUE) -> FALSE | J91: 2 | N91: =IF(AND(ISBLANK(K91),ISBLANK(L91),ISBLANK(M91)),FALSE,TRUE) -> FALSE
A92: TASYA | B92: 12 | C92: 3C.1.3 | D92: 2 | H92: =IF(AND(ISBLANK(E92),ISBLANK(F92),ISBLANK(G92)),FALSE,TRUE) -> FALSE | J92: 0
A93: TASYA | B93: 12 | C93: 3C.2.1 | D93: 4 | H93: =IF(AND(ISBLANK(E93),ISBLANK(F93),ISBLANK(G93)),FALSE,TRUE) -> FALSE | J93: 4 | N93: =IF(AND(ISBLANK(K93),ISBLANK(L93),ISBLANK(M93)),FALSE,TRUE) -> FALSE
A94: TASYA | B94: 12 | C94: 4C.1.1 | D94: 2 | H94: =IF(AND(ISBLANK(E94),ISBLANK(F94),ISBLANK(G94)),FALSE,TRUE) -> FALSE | J94: 2 | N94: =IF(AND(ISBLANK(K94),ISBLANK(L94),ISBLANK(M94)),FALSE,TRUE) -> FALSE
A95: TASYA | B95: 12 | C95: 4C.2.1 | D95: 2 | H95: =IF(AND(ISBLANK(E95),ISBLANK(F95),ISBLANK(G95)),FALSE,TRUE) -> FALSE | J95: 2 | N95: =IF(AND(ISBLANK(K95),ISBLANK(L95),ISBLANK(M95)),FALSE,TRUE) -> FALSE
A96: TASYA | B96: 12 | C96: 4C.3.1 | D96: 2 | H96: =IF(AND(ISBLANK(E96),ISBLANK(F96),ISBLANK(G96)),FALSE,TRUE) -> FALSE | J96: 2 | N96: =IF(AND(ISBLANK(K96),ISBLANK(L96),ISBLANK(M96)),FALSE,TRUE) -> FALSE
A97: TASYA | B97: 12 | C97: 4C.4.1 | D97: 2 | H97: =IF(AND(ISBLANK(E97),ISBLANK(F97),ISBLANK(G97)),FALSE,TRUE) -> FALSE | J97: 0
A98: TASYA | B98: 12 | C98: 4C.5.1 | D98: 2 | H98: =IF(AND(ISBLANK(E98),ISBLANK(F98),ISBLANK(G98)),FALSE,TRUE) -> FALSE | J98: 1 | N98: =IF(AND(ISBLANK(K98),ISBLANK(L98),ISBLANK(M98)),FALSE,TRUE) -> FALSE
A99: TASYA | B99: 12 | C99: 4C.6.1 | D99: 3 | H99: =IF(AND(ISBLANK(E99),ISBLANK(F99),ISBLANK(G99)),FALSE,TRUE) -> FALSE | J99: 1 | N99: =IF(AND(ISBLANK(K99),ISBLANK(L99),ISBLANK(M99)),FALSE,TRUE) -> FALSE
A100: TASYA | B100: 12 | C100: 5C.1.1 | D100: 1 | H100: =IF(AND(ISBLANK(E100),ISBLANK(F100),ISBLANK(G100)),FALSE,TRUE) -> FALSE | J100: 1 | N100: =IF(AND(ISBLANK(K100),ISBLANK(L100),ISBLANK(M100)),FALSE,TRUE) -> FALSE
A101: TASYA | B101: 12 | C101: 5C.1.2 | D101: 1 | H101: =IF(AND(ISBLANK(E101),ISBLANK(F101),ISBLANK(G101)),FALSE,TRUE) -> FALSE | J101: 0
A102: TASYA | B102: 12 | C102: 5C.1.3 | D102: 1 | H102: =IF(AND(ISBLANK(E102),ISBLANK(F102),ISBLANK(G102)),FALSE,TRUE) -> FALSE | J102: 1 | N102: =IF(AND(ISBLANK(K102),ISBLANK(L102),ISBLANK(M102)),FALSE,TRUE) -> FALSE
A103: TASYA | B103: 12 | C103: 5C.1.4 | D103: 2 | H103: =IF(AND(ISBLANK(E103),ISBLANK(F103),ISBLANK(G103)),FALSE,TRUE) -> FALSE | J103: 1 | N103: =IF(AND(ISBLANK(K103),ISBLANK(L103),ISBLANK(M103)),FALSE,TRUE) -> FALSE
A104: TASYA | B104: 12 | C104: 5C.1.5 | D104: 2 | H104: =IF(AND(ISBLANK(E104),ISBLANK(F104),ISBLANK(G104)),FALSE,TRUE) -> FALSE | J104: 1 | N104: =IF(AND(ISBLANK(K104),ISBLANK(L104),ISBLANK(M104)),FALSE,TRUE) -> FALSE
A105: TASYA | B105: 12 | C105: 5C.2.1 | D105: 2 | H105: =IF(AND(ISBLANK(E105),ISBLANK(F105),ISBLANK(G105)),FALSE,TRUE) -> FALSE | J105: 1 | N105: =IF(AND(ISBLANK(K105),ISBLANK(L105),ISBLANK(M105)),FALSE,TRUE) -> FALSE
A106: TASYA | B106: 12 | C106: 5C.3.1 | D106: 1 | H106: =IF(AND(ISBLANK(E106),ISBLANK(F106),ISBLANK(G106)),FALSE,TRUE) -> FALSE | J106: 1 | N106: =IF(AND(ISBLANK(K106),ISBLANK(L106),ISBLANK(M106)),FALSE,TRUE) -> FALSE
A107: TASYA | B107: 12 | C107: 5C.3.2 | D107: 1 | H107: =IF(AND(ISBLANK(E107),ISBLANK(F107),ISBLANK(G107)),FALSE,TRUE) -> FALSE | J107: 1 | N107: =IF(AND(ISBLANK(K107),ISBLANK(L107),ISBLANK(M107)),FALSE,TRUE) -> FALSE
...

Sheet TH_CMI GRADE 10
C1: A | D1: ABSENT | P1: F | Q1: FAILED (STEPS C/D ONLY) | AR1: =IF(IF(_xlfn.XLOOKUP(LEFT(A46,LEN(A46)-2),'TH_CMI GRADE 10'!$B$7:$B$49,'TH_CMI GRADE 10'!$AS$7:$AS$49,"",0,1)=0,"",_xlfn.XLOOKUP(LEFT(A46,LEN(A46)-2),'TH_CMI GRADE 10'!$B$7:$B$49,'TH_CMI GRADE 10'!$AS$7:$AS$49,"",0,1))<=TODAY(),TRUE,FALSE) -> FALSE
C2: P | D2: PRESENT | P2: R | Q2: REMEDIAL
C3: O | D3: OPTIONAL | P3: Cours Planifié
C4: X | D4: PARTIAL PRESENCE | P4: A CORRIGER
C5: DIKI | I5: RIZKI | O5: GITA | U5: GHATA | AA5: RAHMAT | AG5: AYUTYASTUTI | AM5: KARTIKA | AS5: DATE DE DIFFUSION | AV5: DIKI | AY5: RIZKI | BB5: GITA | BE5: GHATA | BH5: RAHMAT | BK5: AYUTYASTUTI | BN5: KARTIKA
A6: Batch#1 | C6: A | D6: B | E6: C1 | F6: C2 | G6: C3 | H6: D | I6: A | J6: B | K6: C1 | L6: C2 | M6: C3 | N6: D | O6: A | P6: B | Q6: C1 | R6: C2 | S6: C3 | T6: D | U6: A | V6: B | W6: C1 | X6: C2 | Y6: C3 | Z6: D | AA6: A | AB6: B | AC6: C1 | AD6: C2 | AE6: C3 | AF6: D | AG6: A | AH6: B | AI6: C1 | AJ6: C2 | AK6: C3 | AL6: D | AM6: A | AN6: B | AO6: C1 | AP6: C2 | AQ6: C3 | AR6: D | AS6: A | AT6: B | AU6: D | AV6: C1 | AW6: C2 | AX6: C3 | AY6: C1 | AZ6: C2 | BA6: C3 | BB6: C1 | BC6: C2 | BD6: C3 | BE6: C1 | BF6: C2 | BG6: C3 | BH6: C1 | BI6: C2 | BJ6: C3 | BK6: C1 | BL6: C2 | BM6: C3 | BN6: C1 | BO6: C2 | BP6: C3 | BR6: Batch#2
A7: =IF(OR(D7<>"",V7<>"",J7<>"",P7<>"",AB7<>"",AH7<>"",AN7<>"",AT7<>""),TRUE,FALSE) -> TRUE | B7: 1.1.1 | C7: P | D7: P | E7: P | H7: A | U7: P | V7: P | W7: P | Z7: P | AS7: 45894 | AT7: 45954 | AU7: 46231 | AV7: 45986 | BE7: 45918 | BQ7: =_xlfn.TEXTBEFORE($B7,".",2) -> 1.1 | BR7: =IF(OR(H7<>"",N7<>"",T7<>"",Z7<>"",AF7<>"",AL7<>"",AR7<>"",AU7<>""),TRUE,FALSE) -> TRUE
A8: =IF(OR(D8<>"",V8<>"",J8<>"",P8<>"",AB8<>"",AH8<>"",AN8<>"",AT8<>""),TRUE,FALSE) -> TRUE | B8: 2.1.1 | AA8: P | AB8: P | AC8: P | AG8: P | AH8: P | AI8: P | AS8: 45902 | AT8: 46064 | BH8: 45952 | BK8: 45936 | BQ8: =_xlfn.TEXTBEFORE($B8,".",2) -> 2.1 | BR8: =IF(OR(H8<>"",N8<>"",T8<>"",Z8<>"",AF8<>"",AL8<>"",AR8<>"",AU8<>""),TRUE,FALSE) -> FALSE
A9: =IF(OR(D9<>"",V9<>"",J9<>"",P9<>"",AB9<>"",AH9<>"",AN9<>"",AT9<>""),TRUE,FALSE) -> TRUE | B9: 2.1.2 | AA9: P | AB9: P | AC9: P | AG9: P | AH9: P | AI9: P | AS9: 45904 | AT9: 46065 | BH9: 45964 | BK9: 45922 | BQ9: =_xlfn.TEXTBEFORE($B9,".",2) -> 2.1 | BR9: =IF(OR(H9<>"",N9<>"",T9<>"",Z9<>"",AF9<>"",AL9<>"",AR9<>"",AU9<>""),TRUE,FALSE) -> FALSE
A10: =IF(OR(D10<>"",V10<>"",J10<>"",P10<>"",AB10<>"",AH10<>"",AN10<>"",AT10<>""),TRUE,FALSE) -> TRUE | B10: 2.1.3 | AA10: P | AB10: P | AC10: P | AG10: P | AH10: P | AI10: P | AS10: 45904 | AT10: 46049 | BH10: 45964 | BK10: 45937 | BQ10: =_xlfn.TEXTBEFORE($B10,".",2) -> 2.1 | BR10: =IF(OR(H10<>"",N10<>"",T10<>"",Z10<>"",AF10<>"",AL10<>"",AR10<>"",AU10<>""),TRUE,FALSE) -> FALSE
A11: =IF(OR(D11<>"",V11<>"",J11<>"",P11<>"",AB11<>"",AH11<>"",AN11<>"",AT11<>""),TRUE,FALSE) -> TRUE | B11: 2.1.4 | AA11: P | AB11: P | AC11: P | AG11: P | AH11: P | AI11: P | AS11: 45904 | AT11: 46034 | BH11: 45965 | BK11: 45939 | BQ11: =_xlfn.TEXTBEFORE($B11,".",2) -> 2.1 | BR11: =IF(OR(H11<>"",N11<>"",T11<>"",Z11<>"",AF11<>"",AL11<>"",AR11<>"",AU11<>""),TRUE,FALSE) -> FALSE
A12: =IF(OR(D12<>"",V12<>"",J12<>"",P12<>"",AB12<>"",AH12<>"",AN12<>"",AT12<>""),TRUE,FALSE) -> TRUE | B12: 2.1.5 | AA12: P | AB12: P | AC12: P | AG12: P | AH12: P | AI12: P | AS12: 45908 | AT12: 46035 | BH12: 45965 | BK12: 45944 | BQ12: =_xlfn.TEXTBEFORE($B12,".",2) -> 2.1 | BR12: =IF(OR(H12<>"",N12<>"",T12<>"",Z12<>"",AF12<>"",AL12<>"",AR12<>"",AU12<>""),TRUE,FALSE) -> FALSE
A13: =IF(OR(D13<>"",V13<>"",J13<>"",P13<>"",AB13<>"",AH13<>"",AN13<>"",AT13<>""),TRUE,FALSE) -> TRUE | B13: 2.1.6 | AA13: P | AB13: P | AC13: P | AG13: P | AH13: P | AI13: P | AS13: 45908 | AT13: 46049 | BH13: 45966 | BK13: 45957 | BQ13: =_xlfn.TEXTBEFORE($B13,".",2) -> 2.1 | BR13: =IF(OR(H13<>"",N13<>"",T13<>"",Z13<>"",AF13<>"",AL13<>"",AR13<>"",AU13<>""),TRUE,FALSE) -> FALSE
A14: =IF(OR(D14<>"",V14<>"",J14<>"",P14<>"",AB14<>"",AH14<>"",AN14<>"",AT14<>""),TRUE,FALSE) -> TRUE | B14: 2.2.1 | AA14: P | AB14: P | AC14: P | AG14: P | AH14: P | AI14: P | AS14: 45909 | AT14: 46034 | BH14: 45966 | BK14: 45945 | BQ14: =_xlfn.TEXTBEFORE($B14,".",2) -> 2.2 | BR14: =IF(OR(H14<>"",N14<>"",T14<>"",Z14<>"",AF14<>"",AL14<>"",AR14<>"",AU14<>""),TRUE,FALSE) -> FALSE
A15: =IF(OR(D15<>"",V15<>"",J15<>"",P15<>"",AB15<>"",AH15<>"",AN15<>"",AT15<>""),TRUE,FALSE) -> TRUE | B15: 2.3.1 | AA15: P | AB15: P | AC15: P | AG15: P | AH15: P | AI15: P | AS15: 45909 | AT15: 46035 | BH15: 45967 | BK15: 45946 | BQ15: =_xlfn.TEXTBEFORE($B15,".",2) -> 2.3 | BR15: =IF(OR(H15<>"",N15<>"",T15<>"",Z15<>"",AF15<>"",AL15<>"",AR15<>"",AU15<>""),TRUE,FALSE) -> FALSE
A16: =IF(OR(D16<>"",V16<>"",J16<>"",P16<>"",AB16<>"",AH16<>"",AN16<>"",AT16<>""),TRUE,FALSE) -> TRUE | B16: 2.3.2 | AA16: P | AB16: P | AC16: P | AG16: P | AH16: P | AI16: P | AS16: 45910 | AT16: 46065 | BH16: 45967 | BK16: 45952 | BQ16: =_xlfn.TEXTBEFORE($B16,".",2) -> 2.3 | BR16: =IF(OR(H16<>"",N16<>"",T16<>"",Z16<>"",AF16<>"",AL16<>"",AR16<>"",AU16<>""),TRUE,FALSE) -> FALSE
A17: =IF(OR(D17<>"",V17<>"",J17<>"",P17<>"",AB17<>"",AH17<>"",AN17<>"",AT17<>""),TRUE,FALSE) -> TRUE | B17: 2.3.3 | AA17: P | AB17: P | AC17: P | AG17: P | AH17: P | AI17: P | AS17: 45910 | AT17: 46071 | BH17: 45971 | BK17: 45952 | BQ17: =_xlfn.TEXTBEFORE($B17,".",2) -> 2.3 | BR17: =IF(OR(H17<>"",N17<>"",T17<>"",Z17<>"",AF17<>"",AL17<>"",AR17<>"",AU17<>""),TRUE,FALSE) -> FALSE
A18: =IF(OR(D18<>"",V18<>"",J18<>"",P18<>"",AB18<>"",AH18<>"",AN18<>"",AT18<>""),TRUE,FALSE) -> TRUE | B18: 2.3.4 | AA18: P | AB18: P | AC18: P | AG18: P | AH18: P | AI18: P | AS18: 45911 | AT18: 46071 | BH18: 45973 | BK18: 45953 | BQ18: =_xlfn.TEXTBEFORE($B18,".",2) -> 2.3 | BR18: =IF(OR(H18<>"",N18<>"",T18<>"",Z18<>"",AF18<>"",AL18<>"",AR18<>"",AU18<>""),TRUE,FALSE) -> FALSE
A19: =IF(OR(D19<>"",V19<>"",J19<>"",P19<>"",AB19<>"",AH19<>"",AN19<>"",AT19<>""),TRUE,FALSE) -> TRUE | B19: 2.4.1 | AA19: P | AB19: P | AC19: P | AF19: P | AG19: P | AH19: P | AI19: P | AL19: P | AS19: 45915 | AT19: 45975 | AU19: 46253 | BH19: 45973 | BK19: 45959 | BQ19: =_xlfn.TEXTBEFORE($B19,".",2) -> 2.4 | BR19: =IF(OR(H19<>"",N19<>"",T19<>"",Z19<>"",AF19<>"",AL19<>"",AR19<>"",AU19<>""),TRUE,FALSE) -> TRUE
A20: =IF(OR(D20<>"",V20<>"",J20<>"",P20<>"",AB20<>"",AH20<>"",AN20<>"",AT20<>""),TRUE,FALSE) -> TRUE | B20: 2.5.1 | AA20: P | AB20: P | AC20: P | AG20: P | AH20: P | AI20: P | AS20: 45915 | AT20: 46037 | BH20: 45974 | BK20: 45964 | BQ20: =_xlfn.TEXTBEFORE($B20,".",2) -> 2.5 | BR20: =IF(OR(H20<>"",N20<>"",T20<>"",Z20<>"",AF20<>"",AL20<>"",AR20<>"",AU20<>""),TRUE,FALSE) -> FALSE
A21: =IF(OR(D21<>"",V21<>"",J21<>"",P21<>"",AB21<>"",AH21<>"",AN21<>"",AT21<>""),TRUE,FALSE) -> TRUE | B21: 3A.1.1 | I21: P | J21: P | K21: P | O21: P | P21: P | Q21: P | AS21: 45910 | AT21: 45982 | AY21: 45944 | BB21: 45923 | BQ21: =_xlfn.TEXTBEFORE($B21,".",2) -> 3A.1 | BR21: =IF(OR(H21<>"",N21<>"",T21<>"",Z21<>"",AF21<>"",AL21<>"",AR21<>"",AU21<>""),TRUE,FALSE) -> FALSE
A22: =IF(OR(D22<>"",V22<>"",J22<>"",P22<>"",AB22<>"",AH22<>"",AN22<>"",AT22<>""),TRUE,FALSE) -> TRUE | B22: 3A.2.1 | I22: P | J22: P | K22: P | O22: P | P22: P | Q22: P | AS22: 45911 | AT22: 46055 | AY22: 45986 | BB22: 45944 | BQ22: =_xlfn.TEXTBEFORE($B22,".",2) -> 3A.2 | BR22: =IF(OR(H22<>"",N22<>"",T22<>"",Z22<>"",AF22<>"",AL22<>"",AR22<>"",AU22<>""),TRUE,FALSE) -> FALSE
A23: =IF(OR(D23<>"",V23<>"",J23<>"",P23<>"",AB23<>"",AH23<>"",AN23<>"",AT23<>""),TRUE,FALSE) -> TRUE | B23: 4A.1.1 | AA23: P | AB23: P | AC23: P | AF23: P | AG23: P | AH23: P | AI23: P | AL23: P | AS23: 45888 | AT23: 45972 | AU23: 46252 | BH23: 45924 | BK23: 45960 | BQ23: =_xlfn.TEXTBEFORE($B23,".",2) -> 4A.1 | BR23: =IF(OR(H23<>"",N23<>"",T23<>"",Z23<>"",AF23<>"",AL23<>"",AR23<>"",AU23<>""),TRUE,FALSE) -> TRUE
A24: =IF(OR(D24<>"",V24<>"",J24<>"",P24<>"",AB24<>"",AH24<>"",AN24<>"",AT24<>""),TRUE,FALSE) -> TRUE | B24: 4A.1.2 | AA24: P | AB24: P | AC24: P | AG24: P | AH24: P | AI24: P | AS24: 45889 | AT24: 46072 | BH24: 45951 | BK24: 45965 | BQ24: =_xlfn.TEXTBEFORE($B24,".",2) -> 4A.1 | BR24: =IF(OR(H24<>"",N24<>"",T24<>"",Z24<>"",AF24<>"",AL24<>"",AR24<>"",AU24<>""),TRUE,FALSE) -> FALSE
A25: =IF(OR(D25<>"",V25<>"",J25<>"",P25<>"",AB25<>"",AH25<>"",AN25<>"",AT25<>""),TRUE,FALSE) -> TRUE | B25: 4A.1.3 | AA25: P | AB25: P | AC25: P | AG25: P | AH25: P | AI25: P | AS25: 45889 | AT25: 46062 | BH25: 45951 | BK25: 45965 | BQ25: =_xlfn.TEXTBEFORE($B25,".",2) -> 4A.1 | BR25: =IF(OR(H25<>"",N25<>"",T25<>"",Z25<>"",AF25<>"",AL25<>"",AR25<>"",AU25<>""),TRUE,FALSE) -> FALSE
A26: =IF(OR(D26<>"",V26<>"",J26<>"",P26<>"",AB26<>"",AH26<>"",AN26<>"",AT26<>""),TRUE,FALSE) -> TRUE | B26: 4A.1.4 | AA26: P | AB26: P | AC26: F | AD26: P | AG26: P | AH26: P | AI26: F | AJ26: P | AS26: 45890 | AT26: 46058 | BH26: 45953 | BI26: 46055 | BK26: 45967 | BL26: 46044 | BQ26: =_xlfn.TEXTBEFORE($B26,".",2) -> 4A.1 | BR26: =IF(OR(H26<>"",N26<>"",T26<>"",Z26<>"",AF26<>"",AL26<>"",AR26<>"",AU26<>""),TRUE,FALSE) -> FALSE
A27: =IF(OR(D27<>"",V27<>"",J27<>"",P27<>"",AB27<>"",AH27<>"",AN27<>"",AT27<>""),TRUE,FALSE) -> TRUE | B27: 4A.1.5 | AA27: P | AB27: P | AC27: P | AG27: P | AH27: P | AI27: P | AS27: 45890 | AT27: 46058 | BH27: 45957 | BK27: 45967 | BQ27: =_xlfn.TEXTBEFORE($B27,".",2) -> 4A.1 | BR27: =IF(OR(H27<>"",N27<>"",T27<>"",Z27<>"",AF27<>"",AL27<>"",AR27<>"",AU27<>""),TRUE,FALSE) -> FALSE
A28: =IF(OR(D28<>"",V28<>"",J28<>"",P28<>"",AB28<>"",AH28<>"",AN28<>"",AT28<>""),TRUE,FALSE) -> TRUE | B28: 4A.1.6 | AA28: P | AB28: P | AC28: P | AG28: P | AH28: P | AI28: P | AS28: 45894 | AT28: 46062 | BH28: 45957 | BK28: 45971 | BQ28: =_xlfn.TEXTBEFORE($B28,".",2) -> 4A.1 | BR28: =IF(OR(H28<>"",N28<>"",T28<>"",Z28<>"",AF28<>"",AL28<>"",AR28<>"",AU28<>""),TRUE,FALSE) -> FALSE
A29: =IF(OR(D29<>"",V29<>"",J29<>"",P29<>"",AB29<>"",AH29<>"",AN29<>"",AT29<>""),TRUE,FALSE) -> TRUE | B29: 4A.2.1 | AA29: P | AB29: R | AC29: P | AG29: P | AH29: R | AI29: P | AS29: 45894 | AT29: 46048 | BH29: 45958 | BK29: 45971 | BQ29: =_xlfn.TEXTBEFORE($B29,".",2) -> 4A.2 | BR29: =IF(OR(H29<>"",N29<>"",T29<>"",Z29<>"",AF29<>"",AL29<>"",AR29<>"",AU29<>""),TRUE,FALSE) -> FALSE
A30: =IF(OR(D30<>"",V30<>"",J30<>"",P30<>"",AB30<>"",AH30<>"",AN30<>"",AT30<>""),TRUE,FALSE) -> TRUE | B30: 4A.2.2 | AA30: P | AB30: P | AC30: P | AG30: P | AH30: P | AI30: P | AS30: 45895 | AT30: 46048 | BH30: 45958 | BK30: 45971 | BQ30: =_xlfn.TEXTBEFORE($B30,".",2) -> 4A.2 | BR30: =IF(OR(H30<>"",N30<>"",T30<>"",Z30<>"",AF30<>"",AL30<>"",AR30<>"",AU30<>""),TRUE,FALSE) -> FALSE
A31: =IF(OR(D31<>"",V31<>"",J31<>"",P31<>"",AB31<>"",AH31<>"",AN31<>"",AT31<>""),TRUE,FALSE) -> TRUE | B31: 4A.2.3 | AA31: P | AB31: P | AC31: P | AG31: P | AH31: P | AI31: P | AS31: 45895 | AT31: 46072 | BH31: 45959 | BK31: 45972 | BQ31: =_xlfn.TEXTBEFORE($B31,".",2) -> 4A.2 | BR31: =IF(OR(H31<>"",N31<>"",T31<>"",Z31<>"",AF31<>"",AL31<>"",AR31<>"",AU31<>""),TRUE,FALSE) -> FALSE
A32: =IF(OR(D32<>"",V32<>"",J32<>"",P32<>"",AB32<>"",AH32<>"",AN32<>"",AT32<>""),TRUE,FALSE) -> TRUE | B32: 4A.3.1 | AA32: P | AB32: P | AC32: P | AG32: P | AH32: P | AI32: P | AS32: 45896 | AT32: 46041 | BH32: 45959 | BK32: 45973 | BQ32: =_xlfn.TEXTBEFORE($B32,".",2) -> 4A.3 | BR32: =IF(OR(H32<>"",N32<>"",T32<>"",Z32<>"",AF32<>"",AL32<>"",AR32<>"",AU32<>""),TRUE,FALSE) -> FALSE
A33: =IF(OR(D33<>"",V33<>"",J33<>"",P33<>"",AB33<>"",AH33<>"",AN33<>"",AT33<>""),TRUE,FALSE) -> TRUE | B33: 4A.3.2 | AA33: P | AB33: P | AC33: P | AG33: P | AH33: P | AI33: P | AS33: 45896 | AT33: 46041 | BH33: 45960 | BK33: 45973 | BQ33: =_xlfn.TEXTBEFORE($B33,".",2) -> 4A.3 | BR33: =IF(OR(H33<>"",N33<>"",T33<>"",Z33<>"",AF33<>"",AL33<>"",AR33<>"",AU33<>""),TRUE,FALSE) -> FALSE
A34: =IF(OR(D34<>"",V34<>"",J34<>"",P34<>"",AB34<>"",AH34<>"",AN34<>"",AT34<>""),TRUE,FALSE) -> TRUE | B34: 4A.3.3 | AA34: P | AB34: P | AC34: P | AG34: P | AH34: P | AI34: P | AS34: 45897 | AT34: 46069 | BH34: 45960 | BK34: 45974 | BQ34: =_xlfn.TEXTBEFORE($B34,".",2) -> 4A.3 | BR34: =IF(OR(H34<>"",N34<>"",T34<>"",Z34<>"",AF34<>"",AL34<>"",AR34<>"",AU34<>""),TRUE,FALSE) -> FALSE
A35: =IF(OR(D35<>"",V35<>"",J35<>"",P35<>"",AB35<>"",AH35<>"",AN35<>"",AT35<>""),TRUE,FALSE) -> TRUE | B35: 5A.1.1 | I35: P | J35: P | K35: F | L35: P | U35: P | V35: P | W35: F | X35: P | AS35: 45901 | AT35: 46043 | AY35: 45937 | AZ35: 46050 | BE35: 45959 | BF35: 46050 | BQ35: =_xlfn.TEXTBEFORE($B35,".",2) -> 5A.1 | BR35: =IF(OR(H35<>"",N35<>"",T35<>"",Z35<>"",AF35<>"",AL35<>"",AR35<>"",AU35<>""),TRUE,FALSE) -> FALSE
A36: =IF(OR(D36<>"",V36<>"",J36<>"",P36<>"",AB36<>"",AH36<>"",AN36<>"",AT36<>""),TRUE,FALSE) -> TRUE | B36: 5A.1.2 | I36: P | J36: P | K36: P | U36: P | V36: P | W36: P | AS36: 45902 | AT36: 46044 | AY36: 45946 | BE36: 45960 | BQ36: =_xlfn.TEXTBEFORE($B36,".",2) -> 5A.1 | BR36: =IF(OR(H36<>"",N36<>"",T36<>"",Z36<>"",AF36<>"",AL36<>"",AR36<>"",AU36<>""),TRUE,FALSE) -> FALSE
A37: =IF(OR(D37<>"",V37<>"",J37<>"",P37<>"",AB37<>"",AH37<>"",AN37<>"",AT37<>""),TRUE,FALSE) -> TRUE | B37: 5A.2.1 | I37: P | J37: P | K37: P | U37: P | V37: P | W37: P | AS37: 45904 | AT37: 46050 | AY37: 45925 | BE37: 45964 | BQ37: =_xlfn.TEXTBEFORE($B37,".",2) -> 5A.2 | BR37: =IF(OR(H37<>"",N37<>"",T37<>"",Z37<>"",AF37<>"",AL37<>"",AR37<>"",AU37<>""),TRUE,FALSE) -> FALSE
A38: =IF(OR(D38<>"",V38<>"",J38<>"",P38<>"",AB38<>"",AH38<>"",AN38<>"",AT38<>""),TRUE,FALSE) -> TRUE | B38: 5A.2.2 | I38: P | J38: P | K38: P | U38: P | V38: P | W38: P | AS38: 45908 | AT38: 46051 | AY38: 45966 | BE38: 45966 | BQ38: =_xlfn.TEXTBEFORE($B38,".",2) -> 5A.2 | BR38: =IF(OR(H38<>"",N38<>"",T38<>"",Z38<>"",AF38<>"",AL38<>"",AR38<>"",AU38<>""),TRUE,FALSE) -> FALSE
A39: =IF(OR(D39<>"",V39<>"",J39<>"",P39<>"",AB39<>"",AH39<>"",AN39<>"",AT39<>""),TRUE,FALSE) -> TRUE | B39: 6A.1.1 | O39: P | P39: P | Q39: P | U39: P | V39: P | W39: P | Z39: O | AM39: R | AN39: P | AO39: F | AP39: P | AS39: 45895 | AT39: 46036 | BB39: 45937 | BE39: 45967 | BN39: 46041 | BO39: 46083 | BQ39: =_xlfn.TEXTBEFORE($B39,".",2) -> 6A.1 | BR39: =IF(OR(H39<>"",N39<>"",T39<>"",Z39<>"",AF39<>"",AL39<>"",AR39<>"",AU39<>""),TRUE,FALSE) -> TRUE
A40: =IF(OR(D40<>"",V40<>"",J40<>"",P40<>"",AB40<>"",AH40<>"",AN40<>"",AT40<>""),TRUE,FALSE) -> TRUE | B40: 6A.1.2 | O40: P | P40: P | Q40: P | U40: P | V40: P | W40: P | Z40: O | AM40: R | AN40: P | AO40: P | AS40: 45896 | AT40: 46056 | BB40: 45971 | BE40: 45968 | BN40: 46078 | BQ40: =_xlfn.TEXTBEFORE($B40,".",2) -> 6A.1 | BR40: =IF(OR(H40<>"",N40<>"",T40<>"",Z40<>"",AF40<>"",AL40<>"",AR40<>"",AU40<>""),TRUE,FALSE) -> TRUE
A41: =IF(OR(D41<>"",V41<>"",J41<>"",P41<>"",AB41<>"",AH41<>"",AN41<>"",AT41<>""),TRUE,FALSE) -> TRUE | B41: 6A.2.1 | O41: P | P41: R | Q41: F | R41: P | T41: O | U41: P | V41: R | W41: P | AM41: R | AN41: P | AO41: F | AP41: P | AS41: 45897 | AT41: 46063 | BB41: 45946 | BC41: 46077 | BE41: 45972 | BN41: 46043 | BO41: 46078 | BQ41: =_xlfn.TEXTBEFORE($B41,".",2) -> 6A.2 | BR41: =IF(OR(H41<>"",N41<>"",T41<>"",Z41<>"",AF41<>"",AL41<>"",AR41<>"",AU41<>""),TRUE,FALSE) -> TRUE
A42: =IF(OR(D42<>"",V42<>"",J42<>"",P42<>"",AB42<>"",AH42<>"",AN42<>"",AT42<>""),TRUE,FALSE) -> TRUE | B42: 6A.2.2 | O42: P | P42: P | Q42: F | R42: P | T42: O | U42: P | V42: P | W42: P | AM42: R | AN42: P | AO42: F | AP42: P | AS42: 45897 | AT42: 46057 | BB42: 45945 | BC42: 46051 | BE42: 45972 | BN42: 46051 | BO42: 46051 | BQ42: =_xlfn.TEXTBEFORE($B42,".",2) -> 6A.2 | BR42: =IF(OR(H42<>"",N42<>"",T42<>"",Z42<>"",AF42<>"",AL42<>"",AR42<>"",AU42<>""),TRUE,FALSE) -> TRUE
A43: =IF(OR(D43<>"",V43<>"",J43<>"",P43<>"",AB43<>"",AH43<>"",AN43<>"",AT43<>""),TRUE,FALSE) -> TRUE | B43: 6A.2.3 | O43: P | P43: P | Q43: P | T43: O | U43: P | V43: P | W43: P | AM43: R | AN43: P | AO43: F | AP43: P | AS43: 45901 | AT43: 46057 | BB43: 45964 | BE43: 45974 | BN43: 46044 | BO43: 46084 | BQ43: =_xlfn.TEXTBEFORE($B43,".",2) -> 6A.2 | BR43: =IF(OR(H43<>"",N43<>"",T43<>"",Z43<>"",AF43<>"",AL43<>"",AR43<>"",AU43<>""),TRUE,FALSE) -> TRUE
A44: =IF(OR(D44<>"",V44<>"",J44<>"",P44<>"",AB44<>"",AH44<>"",AN44<>"",AT44<>""),TRUE,FALSE) -> TRUE | B44: 7A.1.1 | C44: P | D44: P | E44: P | H44: O | U44: P | V44: P | W44: P | Z44: P | AM44: R | AN44: P | AO44: P | AR44: P | AS44: 45880 | AT44: 45950 | AU44: 46224 | AV44: 45917 | BE44: 45981 | BN44: 46056 | BQ44: =_xlfn.TEXTBEFORE($B44,".",2) -> 7A.1 | BR44: =IF(OR(H44<>"",N44<>"",T44<>"",Z44<>"",AF44<>"",AL44<>"",AR44<>"",AU44<>""),TRUE,FALSE) -> TRUE
A45: =IF(OR(D45<>"",V45<>"",J45<>"",P45<>"",AB45<>"",AH45<>"",AN45<>"",AT45<>""),TRUE,FALSE) -> TRUE | B45: 7A.1.2 | C45: P | D45: P | E45: P | H45: O | U45: P | V45: P | W45: P | Z45: P | AM45: R | AN45: P | AO45: P | AR45: P | AS45: 45881 | AT45: 45952 | AU45: 46225 | AV45: 45937 | BE45: 45974 | BN45: 46048 | BQ45: =_xlfn.TEXTBEFORE($B45,".",2) -> 7A.1 | BR45: =IF(OR(H45<>"",N45<>"",T45<>"",Z45<>"",AF45<>"",AL45<>"",AR45<>"",AU45<>""),TRUE,FALSE) -> TRUE
A46: =IF(OR(D46<>"",V46<>"",J46<>"",P46<>"",AB46<>"",AH46<>"",AN46<>"",AT46<>""),TRUE,FALSE) -> TRUE | B46: 7A.1.3 | C46: P | D46: P | E46: P | H46: O | U46: P | V46: P | W46: P | Z46: P | AM46: P | AN46: P | AO46: P | AR46: P | AS46: 45882 | AT46: 45958 | AU46: 46232 | AV46: 45944 | BE46: 45981 | BN46: 46091 | BQ46: =_xlfn.TEXTBEFORE($B46,".",2) -> 7A.1 | BR46: =IF(OR(H46<>"",N46<>"",T46<>"",Z46<>"",AF46<>"",AL46<>"",AR46<>"",AU46<>""),TRUE,FALSE) -> TRUE
A47: =IF(OR(D47<>"",V47<>"",J47<>"",P47<>"",AB47<>"",AH47<>"",AN47<>"",AT47<>""),TRUE,FALSE) -> TRUE | B47: 7A.1.4 | C47: P | D47: P | E47: P | H47: O | U47: P | V47: P | W47: P | Z47: P | AM47: P | AN47: P | AO47: P | AR47: P | AS47: 45883 | AT47: 45961 | AU47: 46238 | AV47: 45957 | BE47: 45982 | BN47: 46092 | BQ47: =_xlfn.TEXTBEFORE($B47,".",2) -> 7A.1 | BR47: =IF(OR(H47<>"",N47<>"",T47<>"",Z47<>"",AF47<>"",AL47<>"",AR47<>"",AU47<>""),TRUE,FALSE) -> TRUE
A48: =IF(OR(D48<>"",V48<>"",J48<>"",P48<>"",AB48<>"",AH48<>"",AN48<>"",AT48<>""),TRUE,FALSE) -> TRUE | B48: 7A.1.5 | C48: P | D48: P | E48: P | H48: O | U48: P | V48: P | W48: P | Z48: P | AM48: P | AN48: P | AO48: P | AR48: P | AS48: 45890 | AT48: 45965 | AU48: 46239 | AV48: 45958 | BE48: 45985 | BN48: 46092 | BQ48: =_xlfn.TEXTBEFORE($B48,".",2) -> 7A.1 | BR48: =IF(OR(H48<>"",N48<>"",T48<>"",Z48<>"",AF48<>"",AL48<>"",AR48<>"",AU48<>""),TRUE,FALSE) -> TRUE
A49: =IF(OR(D49<>"",V49<>"",J49<>"",P49<>"",AB49<>"",AH49<>"",AN49<>"",AT49<>""),TRUE,FALSE) -> TRUE | B49: 7A.1.6 | C49: P | D49: P | E49: P | H49: O | U49: P | V49: P | W49: P | Z49: P | AM49: P | AN49: P | AO49: P | AR49: P | AS49: 45890 | AT49: 45968 | AU49: 46245 | AV49: 45971 | BE49: 45987 | BN49: 46093 | BQ49: =_xlfn.TEXTBEFORE($B49,".",2) -> 7A.1 | BR49: =IF(OR(H49<>"",N49<>"",T49<>"",Z49<>"",AF49<>"",AL49<>"",AR49<>"",AU49<>""),TRUE,FALSE) -> TRUE
A50: =COUNTIF(A7:A49,TRUE)/COUNTA(B7:B49) -> 1 | BR50: =COUNTIF(BR5:BR49,TRUE)/COUNTA(B7:B49) -> 0.3255814
D68: =IF(IF(_xlfn.XLOOKUP(LEFT(A68,LEN(A68)-2),'TH_CMI GRADE 10'!$B$7:$B$49,'TH_CMI GRADE 10'!$AT$7:$AT$49,"",0,1)='TH_CMI GRADE 10'!A60,"",_xlfn.XLOOKUP(LEFT(A68,LEN(A68)-2),'TH_CMI GRADE 10'!$B$7:$B$49,'TH_CMI GRADE 10'!$AT$7:$AT$49,"",0,1))<=TODAY(),TRUE,FALSE) -> #VALUE!

Sheet PW_CMI GRADE 10
C1: A | D1: ABSENT | P1: F | Q1: FAILED (STEPS C/D ONLY)
C2: P | D2: PRESENT | P2: R | Q2: REMEDIAL
C3: O | D3: OPTIONAL | P3: Cours Planifié
C4: X | D4: PARTIAL PRESENCE | P4: A CORRIGER
C5: DIKI | I5: RIZKI | O5: GITA | U5: GHATA | AA5: RAHMAT | AG5: AYUTYASTUTI | AM5: KARTIKA | AS5: DATE DE DIFFUSION | AV5: DIKI | AY5: RIZKI | BB5: GITA | BE5: GHATA | BH5: RAHMAT | BK5: AYUTYASTUTI | BN5: KARTIKA
A6: Batch#1 | C6: A | D6: B | E6: C1 | F6: C2 | G6: C3 | H6: D | I6: A | J6: B | K6: C1 | L6: C2 | M6: C3 | N6: D | O6: A | P6: B | Q6: C1 | R6: C2 | S6: C3 | T6: D | U6: A | V6: B | W6: C1 | X6: C2 | Y6: C3 | Z6: D | AA6: A | AB6: B | AC6: C1 | AD6: C2 | AE6: C3 | AF6: D | AG6: A | AH6: B | AI6: C1 | AJ6: C2 | AK6: C3 | AL6: D | AM6: A | AN6: B | AO6: C1 | AP6: C2 | AQ6: C3 | AR6: D | AS6: A | AT6: B | AU6: D | AV6: C1 | AW6: C2 | AX6: C3 | AY6: C1 | AZ6: C2 | BA6: C3 | BB6: C1 | BC6: C2 | BD6: C3 | BE6: C1 | BF6: C2 | BG6: C3 | BH6: C1 | BI6: C2 | BJ6: C3 | BK6: C1 | BL6: C2 | BM6: C3 | BN6: C1 | BO6: C2 | BP6: C3 | BR6: Batch#2
A7: =IF(OR(D7<>"",V7<>"",J7<>"",P7<>"",AB7<>"",AH7<>"",AN7<>"",AT7<>""),TRUE,FALSE) -> FALSE | B7: 2.1.1 | BQ7: =_xlfn.TEXTBEFORE($B7,".",2) -> 2.1 | BR7: =IF(OR(H7<>"",N7<>"",T7<>"",Z7<>"",AF7<>"",AL7<>"",AR7<>"",AU7<>""),TRUE,FALSE) -> FALSE
A8: =IF(OR(D8<>"",V8<>"",J8<>"",P8<>"",AB8<>"",AH8<>"",AN8<>"",AT8<>""),TRUE,FALSE) -> FALSE | B8: 2.1.2 | BQ8: =_xlfn.TEXTBEFORE($B8,".",2) -> 2.1 | BR8: =IF(OR(H8<>"",N8<>"",T8<>"",Z8<>"",AF8<>"",AL8<>"",AR8<>"",AU8<>""),TRUE,FALSE) -> FALSE
A9: =IF(OR(D9<>"",V9<>"",J9<>"",P9<>"",AB9<>"",AH9<>"",AN9<>"",AT9<>""),TRUE,FALSE) -> TRUE | B9: 2.1.4 | AA9: P | AB9: P | AC9: P | AG9: P | AH9: P | AI9: P | AS9: 46119 | AT9: 46128 | BH9: 46132 | BK9: 46132 | BQ9: =_xlfn.TEXTBEFORE($B9,".",2) -> 2.1 | BR9: =IF(OR(H9<>"",N9<>"",T9<>"",Z9<>"",AF9<>"",AL9<>"",AR9<>"",AU9<>""),TRUE,FALSE) -> FALSE
A10: =IF(OR(D10<>"",V10<>"",J10<>"",P10<>"",AB10<>"",AH10<>"",AN10<>"",AT10<>""),TRUE,FALSE) -> TRUE | B10: 2.1.5 | AA10: P | AB10: P | AC10: P | AG10: P | AH10: P | AI10: P | AS10: 46119 | AT10: 46128 | BH10: 46132 | BK10: 46132 | BQ10: =_xlfn.TEXTBEFORE($B10,".",2) -> 2.1 | BR10: =IF(OR(H10<>"",N10<>"",T10<>"",Z10<>"",AF10<>"",AL10<>"",AR10<>"",AU10<>""),TRUE,FALSE) -> FALSE
A11: =IF(OR(D11<>"",V11<>"",J11<>"",P11<>"",AB11<>"",AH11<>"",AN11<>"",AT11<>""),TRUE,FALSE) -> FALSE | B11: 2.1.6 | BQ11: =_xlfn.TEXTBEFORE($B11,".",2) -> 2.1 | BR11: =IF(OR(H11<>"",N11<>"",T11<>"",Z11<>"",AF11<>"",AL11<>"",AR11<>"",AU11<>""),TRUE,FALSE) -> FALSE
A12: =IF(OR(D12<>"",V12<>"",J12<>"",P12<>"",AB12<>"",AH12<>"",AN12<>"",AT12<>""),TRUE,FALSE) -> FALSE | B12: 2.3.2 | BQ12: =_xlfn.TEXTBEFORE($B12,".",2) -> 2.3 | BR12: =IF(OR(H12<>"",N12<>"",T12<>"",Z12<>"",AF12<>"",AL12<>"",AR12<>"",AU12<>""),TRUE,FALSE) -> FALSE
A13: =IF(OR(D13<>"",V13<>"",J13<>"",P13<>"",AB13<>"",AH13<>"",AN13<>"",AT13<>""),TRUE,FALSE) -> FALSE | B13: 2.3.3 | BQ13: =_xlfn.TEXTBEFORE($B13,".",2) -> 2.3 | BR13: =IF(OR(H13<>"",N13<>"",T13<>"",Z13<>"",AF13<>"",AL13<>"",AR13<>"",AU13<>""),TRUE,FALSE) -> FALSE
A14: =IF(OR(D14<>"",V14<>"",J14<>"",P14<>"",AB14<>"",AH14<>"",AN14<>"",AT14<>""),TRUE,FALSE) -> FALSE | B14: 2.3.4 | BQ14: =_xlfn.TEXTBEFORE($B14,".",2) -> 2.3 | BR14: =IF(OR(H14<>"",N14<>"",T14<>"",Z14<>"",AF14<>"",AL14<>"",AR14<>"",AU14<>""),TRUE,FALSE) -> FALSE
A15: =IF(OR(D15<>"",V15<>"",J15<>"",P15<>"",AB15<>"",AH15<>"",AN15<>"",AT15<>""),TRUE,FALSE) -> FALSE | B15: 2.5.1 | BQ15: =_xlfn.TEXTBEFORE($B15,".",2) -> 2.5 | BR15: =IF(OR(H15<>"",N15<>"",T15<>"",Z15<>"",AF15<>"",AL15<>"",AR15<>"",AU15<>""),TRUE,FALSE) -> FALSE
A16: =IF(OR(D16<>"",V16<>"",J16<>"",P16<>"",AB16<>"",AH16<>"",AN16<>"",AT16<>""),TRUE,FALSE) -> TRUE | B16: 3A.3.1 | I16: P | J16: P | K16: P | O16: P | P16: P | Q16: P | AS16: 46035 | AT16: 46085 | AY16: 46140 | BB16: 46146 | BQ16: =_xlfn.TEXTBEFORE($B16,".",2) -> 3A.3 | BR16: =IF(OR(H16<>"",N16<>"",T16<>"",Z16<>"",AF16<>"",AL16<>"",AR16<>"",AU16<>""),TRUE,FALSE) -> FALSE
A17: =IF(OR(D17<>"",V17<>"",J17<>"",P17<>"",AB17<>"",AH17<>"",AN17<>"",AT17<>""),TRUE,FALSE) -> TRUE | B17: 3A.3.2 | I17: P | J17: P | K17: P | O17: P | P17: P | Q17: P | AS17: 46041 | AT17: 46119 | AY17: 46140 | BB17: 46146 | BQ17: =_xlfn.TEXTBEFORE($B17,".",2) -> 3A.3 | BR17: =IF(OR(H17<>"",N17<>"",T17<>"",Z17<>"",AF17<>"",AL17<>"",AR17<>"",AU17<>""),TRUE,FALSE) -> FALSE
A18: =IF(OR(D18<>"",V18<>"",J18<>"",P18<>"",AB18<>"",AH18<>"",AN18<>"",AT18<>""),TRUE,FALSE) -> FALSE | B18: 4A.1.2 | BQ18: =_xlfn.TEXTBEFORE($B18,".",2) -> 4A.1 | BR18: =IF(OR(H18<>"",N18<>"",T18<>"",Z18<>"",AF18<>"",AL18<>"",AR18<>"",AU18<>""),TRUE,FALSE) -> FALSE
A19: =IF(OR(D19<>"",V19<>"",J19<>"",P19<>"",AB19<>"",AH19<>"",AN19<>"",AT19<>""),TRUE,FALSE) -> FALSE | B19: 4A.1.3 | BQ19: =_xlfn.TEXTBEFORE($B19,".",2) -> 4A.1 | BR19: =IF(OR(H19<>"",N19<>"",T19<>"",Z19<>"",AF19<>"",AL19<>"",AR19<>"",AU19<>""),TRUE,FALSE) -> FALSE
A20: =IF(OR(D20<>"",V20<>"",J20<>"",P20<>"",AB20<>"",AH20<>"",AN20<>"",AT20<>""),TRUE,FALSE) -> FALSE | B20: 4A.1.6 | U20: P | W20: F | X20: P | AA20: P | AC20: P | AG20: P | AI20: P | AS20: 46034 | BE20: 46134 | BF20: 46177 | BH20: 46175 | BK20: 46175 | BQ20: =_xlfn.TEXTBEFORE($B20,".",2) -> 4A.1 | BR20: =IF(OR(H20<>"",N20<>"",T20<>"",Z20<>"",AF20<>"",AL20<>"",AR20<>"",AU20<>""),TRUE,FALSE) -> FALSE
A21: =IF(OR(D21<>"",V21<>"",J21<>"",P21<>"",AB21<>"",AH21<>"",AN21<>"",AT21<>""),TRUE,FALSE) -> FALSE | B21: 4A.2.2 | AA21: P | AC21: P | AG21: P | AI21: P | AS21: 46120 | BH21: 46149 | BK21: 46141 | BQ21: =_xlfn.TEXTBEFORE($B21,".",2) -> 4A.2 | BR21: =IF(OR(H21<>"",N21<>"",T21<>"",Z21<>"",AF21<>"",AL21<>"",AR21<>"",AU21<>""),TRUE,FALSE) -> FALSE
A22: =IF(OR(D22<>"",V22<>"",J22<>"",P22<>"",AB22<>"",AH22<>"",AN22<>"",AT22<>""),TRUE,FALSE) -> FALSE | B22: 4A.2.3 | BQ22: =_xlfn.TEXTBEFORE($B22,".",2) -> 4A.2 | BR22: =IF(OR(H22<>"",N22<>"",T22<>"",Z22<>"",AF22<>"",AL22<>"",AR22<>"",AU22<>""),TRUE,FALSE) -> FALSE
A23: =IF(OR(D23<>"",V23<>"",J23<>"",P23<>"",AB23<>"",AH23<>"",AN23<>"",AT23<>""),TRUE,FALSE) -> FALSE | B23: 4A.3.1 | BQ23: =_xlfn.TEXTBEFORE($B23,".",2) -> 4A.3 | BR23: =IF(OR(H23<>"",N23<>"",T23<>"",Z23<>"",AF23<>"",AL23<>"",AR23<>"",AU23<>""),TRUE,FALSE) -> FALSE
A24: =IF(OR(D24<>"",V24<>"",J24<>"",P24<>"",AB24<>"",AH24<>"",AN24<>"",AT24<>""),TRUE,FALSE) -> FALSE | B24: 4A.3.3 | BQ24: =_xlfn.TEXTBEFORE($B24,".",2) -> 4A.3 | BR24: =IF(OR(H24<>"",N24<>"",T24<>"",Z24<>"",AF24<>"",AL24<>"",AR24<>"",AU24<>""),TRUE,FALSE) -> FALSE
A25: =IF(OR(D25<>"",V25<>"",J25<>"",P25<>"",AB25<>"",AH25<>"",AN25<>"",AT25<>""),TRUE,FALSE) -> FALSE | B25: 5A.1.1 | I25: P | K25: P | U25: P | W25: P | AS25: 46041 | AY25: 46176 | BE25: 46182 | BQ25: =_xlfn.TEXTBEFORE($B25,".",2) -> 5A.1 | BR25: =IF(OR(H25<>"",N25<>"",T25<>"",Z25<>"",AF25<>"",AL25<>"",AR25<>"",AU25<>""),TRUE,FALSE) -> FALSE
A26: =IF(OR(D26<>"",V26<>"",J26<>"",P26<>"",AB26<>"",AH26<>"",AN26<>"",AT26<>""),TRUE,FALSE) -> FALSE | B26: 5A.2.1 | I26: P | U26: P | W26: P | AS26: 46043 | BE26: 46183 | BQ26: =_xlfn.TEXTBEFORE($B26,".",2) -> 5A.2 | BR26: =IF(OR(H26<>"",N26<>"",T26<>"",Z26<>"",AF26<>"",AL26<>"",AR26<>"",AU26<>""),TRUE,FALSE) -> FALSE
A27: =IF(OR(D27<>"",V27<>"",J27<>"",P27<>"",AB27<>"",AH27<>"",AN27<>"",AT27<>""),TRUE,FALSE) -> FALSE | B27: 5A.2.2 | BQ27: =_xlfn.TEXTBEFORE($B27,".",2) -> 5A.2 | BR27: =IF(OR(H27<>"",N27<>"",T27<>"",Z27<>"",AF27<>"",AL27<>"",AR27<>"",AU27<>""),TRUE,FALSE) -> FALSE
A28: =IF(OR(D28<>"",V28<>"",J28<>"",P28<>"",AB28<>"",AH28<>"",AN28<>"",AT28<>""),TRUE,FALSE) -> TRUE | B28: 6A.1.1 | O28: P | P28: P | Q28: P | AM28: P | AN28: P | AO28: P | AS28: 46135 | AT28: 46132 | BB28: 46142 | BN28: 46167 | BQ28: =_xlfn.TEXTBEFORE($B28,".",2) -> 6A.1 | BR28: =IF(OR(H28<>"",N28<>"",T28<>"",Z28<>"",AF28<>"",AL28<>"",AR28<>"",AU28<>""),TRUE,FALSE) -> FALSE
A29: =IF(OR(D29<>"",V29<>"",J29<>"",P29<>"",AB29<>"",AH29<>"",AN29<>"",AT29<>""),TRUE,FALSE) -> FALSE | B29: 6A.1.2 | BQ29: =_xlfn.TEXTBEFORE($B29,".",2) -> 6A.1 | BR29: =IF(OR(H29<>"",N29<>"",T29<>"",Z29<>"",AF29<>"",AL29<>"",AR29<>"",AU29<>""),TRUE,FALSE) -> FALSE
A30: =IF(OR(D30<>"",V30<>"",J30<>"",P30<>"",AB30<>"",AH30<>"",AN30<>"",AT30<>""),TRUE,FALSE) -> FALSE | B30: 6A.2.2 | O30: O | U30: P | AM30: P | AS30: 46050 | BQ30: =_xlfn.TEXTBEFORE($B30,".",2) -> 6A.2 | BR30: =IF(OR(H30<>"",N30<>"",T30<>"",Z30<>"",AF30<>"",AL30<>"",AR30<>"",AU30<>""),TRUE,FALSE) -> FALSE
A31: =IF(OR(D31<>"",V31<>"",J31<>"",P31<>"",AB31<>"",AH31<>"",AN31<>"",AT31<>""),TRUE,FALSE) -> FALSE | B31: 6A.2.3 | BQ31: =_xlfn.TEXTBEFORE($B31,".",2) -> 6A.2 | BR31: =IF(OR(H31<>"",N31<>"",T31<>"",Z31<>"",AF31<>"",AL31<>"",AR31<>"",AU31<>""),TRUE,FALSE) -> FALSE
A32: =COUNTIF(A7:A31,TRUE)/COUNTA(B7:B31) -> 0.2 | BR32: =COUNTIF(BR7:BR31,TRUE)/COUNTA(B7:B31) -> 0

Sheet TH_CMI GRADE 11
C1: A | D1: ABSENT | P1: F | Q1: FAILED (STEPS C/D ONLY) | AR1: FALSE
C2: P | D2: PRESENT | P2: R | Q2: REMEDIAL
C3: O | D3: OPTIONAL | P3: Cours Planifié
C4: X | D4: PARTIAL PRESENCE | P4: A CORRIGER
C5: DIKI | I5: RIZKI | O5: GITA | U5: GHATA | AA5: RAHMAT | AG5: AYUTYASTUTI | AM5: KARTIKA | AS5: DATE DE DIFFUSION | AV5: DIKI | AY5: RIZKY | BB5: GITA | BE5: GHATA | BH5: RAHMAT | BK5: AYUTYASTUTI | BN5: KARTIKA
A6: Batch#1 | C6: A | D6: B | E6: C1 | F6: C2 | G6: C3 | H6: D | I6: A | J6: B | K6: C1 | L6: C2 | M6: C3 | N6: D | O6: A | P6: B | Q6: C1 | R6: C2 | S6: C3 | T6: D | U6: A | V6: B | W6: C1 | X6: C2 | Y6: C3 | Z6: D | AA6: A | AB6: B | AC6: C1 | AD6: C2 | AE6: C3 | AF6: D | AG6: A | AH6: B | AI6: C1 | AJ6: C2 | AK6: C3 | AL6: D | AM6: A | AN6: B | AO6: C1 | AP6: C2 | AQ6: C3 | AR6: D | AS6: A | AT6: B | AU6: D | AV6: C1 | AW6: C2 | AX6: C3 | AY6: C1 | AZ6: C2 | BA6: C3 | BB6: C1 | BC6: C2 | BD6: C3 | BE6: C1 | BF6: C2 | BG6: C3 | BH6: C1 | BI6: C2 | BJ6: C3 | BK6: C1 | BL6: C2 | BM6: C3 | BN6: C1 | BO6: C2 | BP6: C3 | BR6: Batch#2
A7: =IF(OR(D7<>"",V7<>"",J7<>"",P7<>"",AB7<>"",AH7<>"",AN7<>"",AT7<>""),TRUE,FALSE) -> TRUE | B7: 9.1.1 | AA7: P | AB7: P | AC7: P | AG7: P | AH7: P | AI7: P | AS7: 46078 | AT7: 46219 | BH7: 46161 | BK7: 46162 | BQ7: =_xlfn.TEXTBEFORE($B7,".",2) -> 9.1 | BR7: =IF(OR(H7<>"",N7<>"",T7<>"",Z7<>"",AF7<>"",AL7<>"",AR7<>"",AU7<>""),TRUE,FALSE) -> FALSE
A8: =IF(OR(D8<>"",V8<>"",J8<>"",P8<>"",AB8<>"",AH8<>"",AN8<>"",AT8<>""),TRUE,FALSE) -> TRUE | B8: 9.1.2 | AA8: P | AB8: P | AC8: P | AG8: P | AH8: P | AI8: P | AS8: 46078 | AT8: 46223 | BH8: 46163 | BK8: 46163 | BQ8: =_xlfn.TEXTBEFORE($B8,".",2) -> 9.1 | BR8: =IF(OR(H8<>"",N8<>"",T8<>"",Z8<>"",AF8<>"",AL8<>"",AR8<>"",AU8<>""),TRUE,FALSE) -> FALSE
A9: =IF(OR(D9<>"",V9<>"",J9<>"",P9<>"",AB9<>"",AH9<>"",AN9<>"",AT9<>""),TRUE,FALSE) -> TRUE | B9: 9.1.3 | AA9: P | AB9: P | AC9: P | AG9: P | AH9: P | AI9: P | AS9: 46078 | AT9: 46224 | BH9: 46182 | BK9: 46182 | BQ9: =_xlfn.TEXTBEFORE($B9,".",2) -> 9.1 | BR9: =IF(OR(H9<>"",N9<>"",T9<>"",Z9<>"",AF9<>"",AL9<>"",AR9<>"",AU9<>""),TRUE,FALSE) -> FALSE
A10: =IF(OR(D10<>"",V10<>"",J10<>"",P10<>"",AB10<>"",AH10<>"",AN10<>"",AT10<>""),TRUE,FALSE) -> TRUE | B10: 9.2.1 | AA10: P | AB10: P | AC10: P | AG10: P | AH10: P | AI10: P | AS10: 46079 | AT10: 46225 | BH10: 46183 | BK10: 46183 | BQ10: =_xlfn.TEXTBEFORE($B10,".",2) -> 9.2 | BR10: =IF(OR(H10<>"",N10<>"",T10<>"",Z10<>"",AF10<>"",AL10<>"",AR10<>"",AU10<>""),TRUE,FALSE) -> FALSE
A11: =IF(OR(D11<>"",V11<>"",J11<>"",P11<>"",AB11<>"",AH11<>"",AN11<>"",AT11<>""),TRUE,FALSE) -> TRUE | B11: 9.3.1 | AA11: P | AB11: P | AC11: P | AG11: P | AH11: P | AI11: P | AS11: 46086 | AT11: 46226 | BH11: 46184 | BK11: 46184 | BQ11: =_xlfn.TEXTBEFORE($B11,".",2) -> 9.3 | BR11: =IF(OR(H11<>"",N11<>"",T11<>"",Z11<>"",AF11<>"",AL11<>"",AR11<>"",AU11<>""),TRUE,FALSE) -> FALSE
A12: =IF(OR(D12<>"",V12<>"",J12<>"",P12<>"",AB12<>"",AH12<>"",AN12<>"",AT12<>""),TRUE,FALSE) -> TRUE | B12: 9.4.1 | AA12: P | AB12: P | AC12: P | AG12: P | AH12: P | AI12: P | AS12: 46162 | AT12: 46219 | BH12: 46162 | BK12: 46162 | BQ12: =_xlfn.TEXTBEFORE($B12,".",2) -> 9.4 | BR12: =IF(OR(H12<>"",N12<>"",T12<>"",Z12<>"",AF12<>"",AL12<>"",AR12<>"",AU12<>""),TRUE,FALSE) -> FALSE
A13: =IF(OR(D13<>"",V13<>"",J13<>"",P13<>"",AB13<>"",AH13<>"",AN13<>"",AT13<>""),TRUE,FALSE) -> TRUE | B13: 3B.1.1 | I13: P | J13: P | K13: P | O13: P | P13: P | Q13: P | AS13: 46077 | AT13: 46153 | AY13: 46226 | BB13: 46231 | BQ13: =_xlfn.TEXTBEFORE($B13,".",2) -> 3B.1 | BR13: =IF(OR(H13<>"",N13<>"",T13<>"",Z13<>"",AF13<>"",AL13<>"",AR13<>"",AU13<>""),TRUE,FALSE) -> FALSE
A14: =IF(OR(D14<>"",V14<>"",J14<>"",P14<>"",AB14<>"",AH14<>"",AN14<>"",AT14<>""),TRUE,FALSE) -> TRUE | B14: 3B.1.2 | I14: P | J14: P | K14: P | O14: P | P14: P | Q14: P | AS14: 46077 | AT14: 46153 | AY14: 46226 | BB14: 46231 | BQ14: =_xlfn.TEXTBEFORE($B14,".",2) -> 3B.1 | BR14: =IF(OR(H14<>"",N14<>"",T14<>"",Z14<>"",AF14<>"",AL14<>"",AR14<>"",AU14<>""),TRUE,FALSE) -> FALSE
A15: =IF(OR(D15<>"",V15<>"",J15<>"",P15<>"",AB15<>"",AH15<>"",AN15<>"",AT15<>""),TRUE,FALSE) -> FALSE | B15: 3B.2.1 | I15: P | K15: P | O15: P | Q15: P | AS15: 46093 | AY15: 46240 | BB15: 46232 | BQ15: =_xlfn.TEXTBEFORE($B15,".",2) -> 3B.2 | BR15: =IF(OR(H15<>"",N15<>"",T15<>"",Z15<>"",AF15<>"",AL15<>"",AR15<>"",AU15<>""),TRUE,FALSE) -> FALSE
A16: =IF(OR(D16<>"",V16<>"",J16<>"",P16<>"",AB16<>"",AH16<>"",AN16<>"",AT16<>""),TRUE,FALSE) -> FALSE | B16: 3B.2.2 | I16: P | K16: P | O16: P | Q16: P | AS16: 46120 | AY16: 46232 | BB16: 46232 | BQ16: =_xlfn.TEXTBEFORE($B16,".",2) -> 3B.2 | BR16: =IF(OR(H16<>"",N16<>"",T16<>"",Z16<>"",AF16<>"",AL16<>"",AR16<>"",AU16<>""),TRUE,FALSE) -> FALSE
A17: =IF(OR(D17<>"",V17<>"",J17<>"",P17<>"",AB17<>"",AH17<>"",AN17<>"",AT17<>""),TRUE,FALSE) -> FALSE | B17: 3B.2.3 | I17: P | K17: P | O17: P | Q17: P | AS17: 46223 | AY17: 46233 | BB17: 46233 | BQ17: =_xlfn.TEXTBEFORE($B17,".",2) -> 3B.2 | BR17: =IF(OR(H17<>"",N17<>"",T17<>"",Z17<>"",AF17<>"",AL17<>"",AR17<>"",AU17<>""),TRUE,FALSE) -> FALSE
A18: =IF(OR(D18<>"",V18<>"",J18<>"",P18<>"",AB18<>"",AH18<>"",AN18<>"",AT18<>""),TRUE,FALSE) -> TRUE | B18: 3B.3.1 | I18: P | J18: P | K18: P | O18: P | P18: P | Q18: P | AS18: 46163 | AT18: 46163 | AY18: 46237 | BB18: 46237 | BQ18: =_xlfn.TEXTBEFORE($B18,".",2) -> 3B.3 | BR18: =IF(OR(H18<>"",N18<>"",T18<>"",Z18<>"",AF18<>"",AL18<>"",AR18<>"",AU18<>""),TRUE,FALSE) -> FALSE
A19: =IF(OR(D19<>"",V19<>"",J19<>"",P19<>"",AB19<>"",AH19<>"",AN19<>"",AT19<>""),TRUE,FALSE) -> FALSE | B19: 3B.3.2 | I19: P | K19: P | O19: P | Q19: P | AS19: 46223 | AY19: 46238 | BB19: 46238 | BQ19: =_xlfn.TEXTBEFORE($B19,".",2) -> 3B.3 | BR19: =IF(OR(H19<>"",N19<>"",T19<>"",Z19<>"",AF19<>"",AL19<>"",AR19<>"",AU19<>""),TRUE,FALSE) -> FALSE
A20: =IF(OR(D20<>"",V20<>"",J20<>"",P20<>"",AB20<>"",AH20<>"",AN20<>"",AT20<>""),TRUE,FALSE) -> TRUE | B20: 4B.1.1 | AA20: P | AB20: P | AC20: P | AG20: P | AH20: P | AI20: P | AS20: 46084 | AT20: 46134 | BH20: 46153 | BK20: 46149 | BQ20: =_xlfn.TEXTBEFORE($B20,".",2) -> 4B.1 | BR20: =IF(OR(H20<>"",N20<>"",T20<>"",Z20<>"",AF20<>"",AL20<>"",AR20<>"",AU20<>""),TRUE,FALSE) -> FALSE
A21: =IF(OR(D21<>"",V21<>"",J21<>"",P21<>"",AB21<>"",AH21<>"",AN21<>"",AT21<>""),TRUE,FALSE) -> TRUE | B21: 4B.1.2 | AA21: P | AB21: P | AC21: P | AG21: P | AH21: P | AI21: P | AS21: 46083 | AT21: 46230 | BH21: 46231 | BK21: 46225 | BQ21: =_xlfn.TEXTBEFORE($B21,".",2) -> 4B.1 | BR21: =IF(OR(H21<>"",N21<>"",T21<>"",Z21<>"",AF21<>"",AL21<>"",AR21<>"",AU21<>""),TRUE,FALSE) -> FALSE
A22: =IF(OR(D22<>"",V22<>"",J22<>"",P22<>"",AB22<>"",AH22<>"",AN22<>"",AT22<>""),TRUE,FALSE) -> TRUE | B22: 4B.1.3 | AA22: P | AB22: P | AC22: P | AG22: P | AH22: P | AI22: P | AS22: 46083 | AT22: 46230 | BH22: 46238 | BK22: 46225 | BQ22: =_xlfn.TEXTBEFORE($B22,".",2) -> 4B.1 | BR22: =IF(OR(H22<>"",N22<>"",T22<>"",Z22<>"",AF22<>"",AL22<>"",AR22<>"",AU22<>""),TRUE,FALSE) -> FALSE
A23: =IF(OR(D23<>"",V23<>"",J23<>"",P23<>"",AB23<>"",AH23<>"",AN23<>"",AT23<>""),TRUE,FALSE) -> TRUE | B23: 4B.2.1 | U23: P | V23: P | W23: P | AM23: P | AN23: P | AO23: P | AS23: 46090 | AT23: 46231 | BE23: 46237 | BN23: 46237 | BQ23: =_xlfn.TEXTBEFORE($B23,".",2) -> 4B.2 | BR23: =IF(OR(H23<>"",N23<>"",T23<>"",Z23<>"",AF23<>"",AL23<>"",AR23<>"",AU23<>""),TRUE,FALSE) -> FALSE
A24: =IF(OR(D24<>"",V24<>"",J24<>"",P24<>"",AB24<>"",AH24<>"",AN24<>"",AT24<>""),TRUE,FALSE) -> TRUE | B24: 4B.2.2 | U24: P | V24: P | W24: P | AM24: P | AN24: P | AO24: P | AS24: 46090 | AT24: 46231 | BE24: 46237 | BN24: 46237 | BQ24: =_xlfn.TEXTBEFORE($B24,".",2) -> 4B.2 | BR24: =IF(OR(H24<>"",N24<>"",T24<>"",Z24<>"",AF24<>"",AL24<>"",AR24<>"",AU24<>""),TRUE,FALSE) -> FALSE
A25: =IF(OR(D25<>"",V25<>"",J25<>"",P25<>"",AB25<>"",AH25<>"",AN25<>"",AT25<>""),TRUE,FALSE) -> TRUE | B25: 4B.3.1 | I25: P | J25: P | K25: P | O25: P | P25: P | Q25: P | AS25: 46154 | AT25: 46232 | AY25: 46230 | BB25: 46225 | BQ25: =_xlfn.TEXTBEFORE($B25,".",2) -> 4B.3 | BR25: =IF(OR(H25<>"",N25<>"",T25<>"",Z25<>"",AF25<>"",AL25<>"",AR25<>"",AU25<>""),TRUE,FALSE) -> FALSE
A26: =IF(OR(D26<>"",V26<>"",J26<>"",P26<>"",AB26<>"",AH26<>"",AN26<>"",AT26<>""),TRUE,FALSE) -> TRUE | B26: 4B.3.2 | I26: P | J26: P | K26: P | O26: P | P26: P | Q26: P | AS26: 46141 | AT26: 46232 | AY26: 46141 | BB26: 46142 | BQ26: =_xlfn.TEXTBEFORE($B26,".",2) -> 4B.3 | BR26: =IF(OR(H26<>"",N26<>"",T26<>"",Z26<>"",AF26<>"",AL26<>"",AR26<>"",AU26<>""),TRUE,FALSE) -> FALSE
A27: =IF(OR(D27<>"",V27<>"",J27<>"",P27<>"",AB27<>"",AH27<>"",AN27<>"",AT27<>""),TRUE,FALSE) -> TRUE | B27: 4B.3.3 | I27: P | J27: P | K27: P | O27: P | P27: P | Q27: P | AS27: 46162 | AT27: 46233 | AY27: 46230 | BB27: 46227 | BQ27: =_xlfn.TEXTBEFORE($B27,".",2) -> 4B.3 | BR27: =IF(OR(H27<>"",N27<>"",T27<>"",Z27<>"",AF27<>"",AL27<>"",AR27<>"",AU27<>""),TRUE,FALSE) -> FALSE
A28: =IF(OR(D28<>"",V28<>"",J28<>"",P28<>"",AB28<>"",AH28<>"",AN28<>"",AT28<>""),TRUE,FALSE) -> TRUE | B28: 4B.3.4 | I28: P | J28: P | K28: P | O28: P | P28: P | AS28: 46163 | AT28: 46233 | AY28: 46245 | BQ28: =_xlfn.TEXTBEFORE($B28,".",2) -> 4B.3 | BR28: =IF(OR(H28<>"",N28<>"",T28<>"",Z28<>"",AF28<>"",AL28<>"",AR28<>"",AU28<>""),TRUE,FALSE) -> FALSE
A29: =IF(OR(D29<>"",V29<>"",J29<>"",P29<>"",AB29<>"",AH29<>"",AN29<>"",AT29<>""),TRUE,FALSE) -> TRUE | B29: 4B.3.5 | I29: P | J29: P | K29: P | O29: P | P29: P | AS29: 46226 | AT29: 46237 | AY29: 46245 | BQ29: =_xlfn.TEXTBEFORE($B29,".",2) -> 4B.3 | BR29: =IF(OR(H29<>"",N29<>"",T29<>"",Z29<>"",AF29<>"",AL29<>"",AR29<>"",AU29<>""),TRUE,FALSE) -> FALSE
A30: =IF(OR(D30<>"",V30<>"",J30<>"",P30<>"",AB30<>"",AH30<>"",AN30<>"",AT30<>""),TRUE,FALSE) -> TRUE | B30: 4B.3.6 | I30: P | J30: P | O30: P | P30: P | Q30: F | AS30: 46226 | AT30: 46237 | BB30: 46245 | BQ30: =_xlfn.TEXTBEFORE($B30,".",2) -> 4B.3 | BR30: =IF(OR(H30<>"",N30<>"",T30<>"",Z30<>"",AF30<>"",AL30<>"",AR30<>"",AU30<>""),TRUE,FALSE) -> FALSE
A31: =IF(OR(D31<>"",V31<>"",J31<>"",P31<>"",AB31<>"",AH31<>"",AN31<>"",AT31<>""),TRUE,FALSE) -> TRUE | B31: 4B.3.7 | I31: P | J31: P | O31: P | P31: P | Q31: F | AS31: 46231 | AT31: 46244 | BB31: 46245 | BQ31: =_xlfn.TEXTBEFORE($B31,".",2) -> 4B.3 | BR31: =IF(OR(H31<>"",N31<>"",T31<>"",Z31<>"",AF31<>"",AL31<>"",AR31<>"",AU31<>""),TRUE,FALSE) -> FALSE
A32: =IF(OR(D32<>"",V32<>"",J32<>"",P32<>"",AB32<>"",AH32<>"",AN32<>"",AT32<>""),TRUE,FALSE) -> TRUE | B32: 4B.3.8 | I32: P | J32: P | O32: P | P32: P | Q32: P | AS32: 46231 | AT32: 46244 | BB32: 46252 | BQ32: =_xlfn.TEXTBEFORE($B32,".",2) -> 4B.3 | BR32: =IF(OR(H32<>"",N32<>"",T32<>"",Z32<>"",AF32<>"",AL32<>"",AR32<>"",AU32<>""),TRUE,FALSE) -> FALSE
A33: =IF(OR(D33<>"",V33<>"",J33<>"",P33<>"",AB33<>"",AH33<>"",AN33<>"",AT33<>""),TRUE,FALSE) -> TRUE | B33: 5B.1.1 | AA33: P | AB33: P | AC33: P | AG33: P | AH33: P | AI33: P | AS33: 46077 | AT33: 46254 | BH33: 46230 | BK33: 46149 | BQ33: =_xlfn.TEXTBEFORE($B33,".",2) -> 5B.1 | BR33: =IF(OR(H33<>"",N33<>"",T33<>"",Z33<>"",AF33<>"",AL33<>"",AR33<>"",AU33<>""),TRUE,FALSE) -> FALSE
A34: =IF(OR(D34<>"",V34<>"",J34<>"",P34<>"",AB34<>"",AH34<>"",AN34<>"",AT34<>""),TRUE,FALSE) -> FALSE | B34: 5B.1.2 | AA34: P | AC34: P | AG34: P | AI34: P | AS34: 46085 | BH34: 46232 | BK34: 46232 | BQ34: =_xlfn.TEXTBEFORE($B34,".",2) -> 5B.1 | BR34: =IF(OR(H34<>"",N34<>"",T34<>"",Z34<>"",AF34<>"",AL34<>"",AR34<>"",AU34<>""),TRUE,FALSE) -> FALSE
A35: =IF(OR(D35<>"",V35<>"",J35<>"",P35<>"",AB35<>"",AH35<>"",AN35<>"",AT35<>""),TRUE,FALSE) -> FALSE | B35: 5B.1.3 | AA35: P | AC35: P | AG35: P | AI35: P | AS35: 46077 | BH35: 46233 | BK35: 46233 | BQ35: =_xlfn.TEXTBEFORE($B35,".",2) -> 5B.1 | BR35: =IF(OR(H35<>"",N35<>"",T35<>"",Z35<>"",AF35<>"",AL35<>"",AR35<>"",AU35<>""),TRUE,FALSE) -> FALSE
A36: =IF(OR(D36<>"",V36<>"",J36<>"",P36<>"",AB36<>"",AH36<>"",AN36<>"",AT36<>""),TRUE,FALSE) -> FALSE | B36: 5B.2.1 | I36: P | K36: P | O36: P | Q36: P | AS36: 46223 | AY36: 46239 | BB36: 46239 | BQ36: =_xlfn.TEXTBEFORE($B36,".",2) -> 5B.2 | BR36: =IF(OR(H36<>"",N36<>"",T36<>"",Z36<>"",AF36<>"",AL36<>"",AR36<>"",AU36<>""),TRUE,FALSE) -> FALSE
A37: =IF(OR(D37<>"",V37<>"",J37<>"",P37<>"",AB37<>"",AH37<>"",AN37<>"",AT37<>""),TRUE,FALSE) -> FALSE | B37: 5B.3.1 | U37: P | W37: P | AM37: P | AO37: P | AP37: P | AS37: 46194 | BE37: 46241 | BN37: 46230 | BO37: 46237 | BQ37: =_xlfn.TEXTBEFORE($B37,".",2) -> 5B.3 | BR37: =IF(OR(H37<>"",N37<>"",T37<>"",Z37<>"",AF37<>"",AL37<>"",AR37<>"",AU37<>""),TRUE,FALSE) -> FALSE
A38: =IF(OR(D38<>"",V38<>"",J38<>"",P38<>"",AB38<>"",AH38<>"",AN38<>"",AT38<>""),TRUE,FALSE) -> FALSE | B38: 5B.3.2 | U38: P | W38: P | AM38: P | AO38: F | AP38: P | AS38: 46093 | BE38: 46246 | BN38: 46240 | BO38: 46254 | BQ38: =_xlfn.TEXTBEFORE($B38,".",2) -> 5B.3 | BR38: =IF(OR(H38<>"",N38<>"",T38<>"",Z38<>"",AF38<>"",AL38<>"",AR38<>"",AU38<>""),TRUE,FALSE) -> FALSE
A39: =IF(OR(D39<>"",V39<>"",J39<>"",P39<>"",AB39<>"",AH39<>"",AN39<>"",AT39<>""),TRUE,FALSE) -> FALSE | B39: 5B.3.3 | U39: P | AM39: P | AS39: 46223 | BQ39: =_xlfn.TEXTBEFORE($B39,".",2) -> 5B.3 | BR39: =IF(OR(H39<>"",N39<>"",T39<>"",Z39<>"",AF39<>"",AL39<>"",AR39<>"",AU39<>""),TRUE,FALSE) -> FALSE
A40: =IF(OR(D40<>"",V40<>"",J40<>"",P40<>"",AB40<>"",AH40<>"",AN40<>"",AT40<>""),TRUE,FALSE) -> TRUE | B40: 10A.1.1 | U40: P | V40: P | W40: P | AM40: P | AN40: P | AO40: P | AS40: 46119 | AT40: 46135 | BE40: 46132 | BN40: 46154 | BQ40: =_xlfn.TEXTBEFORE($B40,".",2) -> 10A.1 | BR40: =IF(OR(H40<>"",N40<>"",T40<>"",Z40<>"",AF40<>"",AL40<>"",AR40<>"",AU40<>""),TRUE,FALSE) -> FALSE
A41: =IF(OR(D41<>"",V41<>"",J41<>"",P41<>"",AB41<>"",AH41<>"",AN41<>"",AT41<>""),TRUE,FALSE) -> TRUE | B41: 10A.1.2 | U41: P | V41: P | W41: P | AM41: P | AN41: P | AO41: P | AS41: 46119 | AT41: 46140 | BE41: 46134 | BN41: 46155 | BQ41: =_xlfn.TEXTBEFORE($B41,".",2) -> 10A.1 | BR41: =IF(OR(H41<>"",N41<>"",T41<>"",Z41<>"",AF41<>"",AL41<>"",AR41<>"",AU41<>""),TRUE,FALSE) -> FALSE
A42: =IF(OR(D42<>"",V42<>"",J42<>"",P42<>"",AB42<>"",AH42<>"",AN42<>"",AT42<>""),TRUE,FALSE) -> TRUE | B42: 10A.1.3 | U42: P | V42: P | W42: P | AM42: P | AN42: P | AO42: P | AS42: 46119 | AT42: 46140 | BE42: 46134 | BN42: 46155 | BQ42: =_xlfn.TEXTBEFORE($B42,".",2) -> 10A.1 | BR42: =IF(OR(H42<>"",N42<>"",T42<>"",Z42<>"",AF42<>"",AL42<>"",AR42<>"",AU42<>""),TRUE,FALSE) -> FALSE
A43: =IF(OR(D43<>"",V43<>"",J43<>"",P43<>"",AB43<>"",AH43<>"",AN43<>"",AT43<>""),TRUE,FALSE) -> TRUE | B43: 11A.1.1 | U43: P | V43: P | W43: P | AM43: P | AN43: P | AO43: P | AS43: 46120 | AT43: 46146 | BE43: 46154 | BN43: 46175 | BQ43: =_xlfn.TEXTBEFORE($B43,".",2) -> 11A.1 | BR43: =IF(OR(H43<>"",N43<>"",T43<>"",Z43<>"",AF43<>"",AL43<>"",AR43<>"",AU43<>""),TRUE,FALSE) -> FALSE
A44: =IF(OR(D44<>"",V44<>"",J44<>"",P44<>"",AB44<>"",AH44<>"",AN44<>"",AT44<>""),TRUE,FALSE) -> TRUE | B44: 11A.2.1 | U44: P | V44: P | W44: P | AM44: P | AN44: P | AO44: P | AS44: 46121 | AT44: 46141 | BE44: 46184 | BN44: 46183 | BQ44: =_xlfn.TEXTBEFORE($B44,".",2) -> 11A.2 | BR44: =IF(OR(H44<>"",N44<>"",T44<>"",Z44<>"",AF44<>"",AL44<>"",AR44<>"",AU44<>""),TRUE,FALSE) -> FALSE
A45: =IF(OR(D45<>"",V45<>"",J45<>"",P45<>"",AB45<>"",AH45<>"",AN45<>"",AT45<>""),TRUE,FALSE) -> FALSE | B45: 7B.1.1 | U45: P | W45: P | AM45: P | AO45: P | AS45: 46128 | BE45: 46141 | BN45: 46160 | BQ45: =_xlfn.TEXTBEFORE($B45,".",2) -> 7B.1 | BR45: =IF(OR(H45<>"",N45<>"",T45<>"",Z45<>"",AF45<>"",AL45<>"",AR45<>"",AU45<>""),TRUE,FALSE) -> FALSE
A46: =IF(OR(D46<>"",V46<>"",J46<>"",P46<>"",AB46<>"",AH46<>"",AN46<>"",AT46<>""),TRUE,FALSE) -> FALSE | B46: 7B.1.2 | U46: P | W46: P | AM46: P | AO46: P | AS46: 46128 | BE46: 46168 | BN46: 46160 | BQ46: =_xlfn.TEXTBEFORE($B46,".",2) -> 7B.1 | BR46: =IF(OR(H46<>"",N46<>"",T46<>"",Z46<>"",AF46<>"",AL46<>"",AR46<>"",AU46<>""),TRUE,FALSE) -> FALSE
A47: =IF(OR(D47<>"",V47<>"",J47<>"",P47<>"",AB47<>"",AH47<>"",AN47<>"",AT47<>""),TRUE,FALSE) -> FALSE | B47: 7B.1.3 | U47: P | W47: P | AM47: P | AO47: P | AS47: 46155 | BE47: 46168 | BN47: 46161 | BQ47: =_xlfn.TEXTBEFORE($B47,".",2) -> 7B.1 | BR47: =IF(OR(H47<>"",N47<>"",T47<>"",Z47<>"",AF47<>"",AL47<>"",AR47<>"",AU47<>""),TRUE,FALSE) -> FALSE
A48: =IF(OR(D48<>"",V48<>"",J48<>"",P48<>"",AB48<>"",AH48<>"",AN48<>"",AT48<>""),TRUE,FALSE) -> FALSE | B48: 7B.1.4 | U48: P | W48: P | AM48: P | AO48: P | AS48: 46155 | BE48: 46176 | BN48: 46161 | BQ48: =_xlfn.TEXTBEFORE($B48,".",2) -> 7B.1 | BR48: =IF(OR(H48<>"",N48<>"",T48<>"",Z48<>"",AF48<>"",AL48<>"",AR48<>"",AU48<>""),TRUE,FALSE) -> FALSE
A49: =COUNTIF(A7:A48,TRUE)/COUNTA($B$7:$B$48) -> 0.66666667 | BR49: =COUNTIF(BR7:BR48,TRUE)/COUNTA($B$7:$B$48) -> 0
D67: #VALUE!

Sheet PW_CMI GRADE 11
C1: A | D1: ABSENT | P1: F | Q1: FAILED (STEPS C/D ONLY) | AR1: FALSE
C2: P | D2: PRESENT | P2: R | Q2: REMEDIAL
C3: O | D3: OPTIONAL | P3: Cours Planifié
C4: X | D4: PARTIAL PRESENCE | P4: A CORRIGER
C5: DIKI | I5: RIZKI | O5: GITA | U5: GHATA | AA5: RAHMAT | AG5: AYUTYASTUTI | AM5: KARTIKA | AS5: DATE DE DIFFUSION | AV5: DIKI | AY5: RIZKI | BB5: GITA | BE5: GHATA | BH5: RAHMAT | BK5: AYUTYASTUTI | BN5: KARTIKA
A6: Batch#1 | C6: A | D6: B | E6: C1 | F6: C2 | G6: C3 | H6: D | I6: A | J6: B | K6: C1 | L6: C2 | M6: C3 | N6: D | O6: A | P6: B | Q6: C1 | R6: C2 | S6: C3 | T6: D | U6: A | V6: B | W6: C1 | X6: C2 | Y6: C3 | Z6: D | AA6: A | AB6: B | AC6: C1 | AD6: C2 | AE6: C3 | AF6: D | AG6: A | AH6: B | AI6: C1 | AJ6: C2 | AK6: C3 | AL6: D | AM6: A | AN6: B | AO6: C1 | AP6: C2 | AQ6: C3 | AR6: D | AS6: A | AT6: B | AU6: D | AV6: C1 | AW6: C2 | AX6: C3 | AY6: C1 | AZ6: C2 | BA6: C3 | BB6: C1 | BC6: C2 | BD6: C3 | BE6: C1 | BF6: C2 | BG6: C3 | BH6: C1 | BI6: C2 | BJ6: C3 | BK6: C1 | BL6: C2 | BM6: C3 | BN6: C1 | BO6: C2 | BP6: C3 | BR6: Batch#2
A7: =IF(OR(D7<>"",V7<>"",J7<>"",P7<>"",AB7<>"",AH7<>"",AN7<>"",AT7<>"",AZ7<>"",BF7<>"",BL7<>""),TRUE,FALSE) -> FALSE | B7: 9.1.1 | BQ7: =_xlfn.TEXTBEFORE($B7,".",2) -> 9.1 | BR7: =IF(OR(H7<>"",N7<>"",T7<>"",Z7<>"",AF7<>"",AL7<>"",AR7<>"",AU7<>""),TRUE,FALSE) -> FALSE
A8: =IF(OR(D8<>"",V8<>"",J8<>"",P8<>"",AB8<>"",AH8<>"",AN8<>"",AT8<>"",AZ8<>"",BF8<>"",BL8<>""),TRUE,FALSE) -> FALSE | B8: 9.1.2 | BQ8: =_xlfn.TEXTBEFORE($B8,".",2) -> 9.1 | BR8: =IF(OR(H8<>"",N8<>"",T8<>"",Z8<>"",AF8<>"",AL8<>"",AR8<>"",AU8<>""),TRUE,FALSE) -> FALSE
A9: =IF(OR(D9<>"",V9<>"",J9<>"",P9<>"",AB9<>"",AH9<>"",AN9<>"",AT9<>"",AZ9<>"",BF9<>"",BL9<>""),TRUE,FALSE) -> FALSE | B9: 9.1.3 | BQ9: =_xlfn.TEXTBEFORE($B9,".",2) -> 9.1 | BR9: =IF(OR(H9<>"",N9<>"",T9<>"",Z9<>"",AF9<>"",AL9<>"",AR9<>"",AU9<>""),TRUE,FALSE) -> FALSE
A10: =IF(OR(D10<>"",V10<>"",J10<>"",P10<>"",AB10<>"",AH10<>"",AN10<>"",AT10<>"",AZ10<>"",BF10<>"",BL10<>""),TRUE,FALSE) -> FALSE | B10: 9.2.1 | BQ10: =_xlfn.TEXTBEFORE($B10,".",2) -> 9.2 | BR10: =IF(OR(H10<>"",N10<>"",T10<>"",Z10<>"",AF10<>"",AL10<>"",AR10<>"",AU10<>""),TRUE,FALSE) -> FALSE
A11: =IF(OR(D11<>"",V11<>"",J11<>"",P11<>"",AB11<>"",AH11<>"",AN11<>"",AT11<>"",AZ11<>"",BF11<>"",BL11<>""),TRUE,FALSE) -> FALSE | B11: 9.3.1 | BQ11: =_xlfn.TEXTBEFORE($B11,".",2) -> 9.3 | BR11: =IF(OR(H11<>"",N11<>"",T11<>"",Z11<>"",AF11<>"",AL11<>"",AR11<>"",AU11<>""),TRUE,FALSE) -> FALSE
A12: =IF(OR(D12<>"",V12<>"",J12<>"",P12<>"",AB12<>"",AH12<>"",AN12<>"",AT12<>"",AZ12<>"",BF12<>"",BL12<>""),TRUE,FALSE) -> FALSE | B12: 9.4.1 | BQ12: =_xlfn.TEXTBEFORE($B12,".",2) -> 9.4 | BR12: =IF(OR(H12<>"",N12<>"",T12<>"",Z12<>"",AF12<>"",AL12<>"",AR12<>"",AU12<>""),TRUE,FALSE) -> FALSE
A13: =IF(OR(D13<>"",V13<>"",J13<>"",P13<>"",AB13<>"",AH13<>"",AN13<>"",AT13<>"",AZ13<>"",BF13<>"",BL13<>""),TRUE,FALSE) -> TRUE | B13: 3B.1.1 | I13: P | J13: P | K13: P | O13: P | P13: P | Q13: P | AS13: 46079 | AT13: 46149 | AY13: 46177 | BB13: 46146 | BQ13: =_xlfn.TEXTBEFORE($B13,".",2) -> 3B.1 | BR13: =IF(OR(H13<>"",N13<>"",T13<>"",Z13<>"",AF13<>"",AL13<>"",AR13<>"",AU13<>""),TRUE,FALSE) -> FALSE
A14: =IF(OR(D14<>"",V14<>"",J14<>"",P14<>"",AB14<>"",AH14<>"",AN14<>"",AT14<>"",AZ14<>"",BF14<>"",BL14<>""),TRUE,FALSE) -> TRUE | B14: 3B.1.2 | I14: P | J14: P | K14: P | O14: P | P14: P | Q14: P | AS14: 46083 | AT14: 46154 | AY14: 46177 | BB14: 46161 | BQ14: =_xlfn.TEXTBEFORE($B14,".",2) -> 3B.1 | BR14: =IF(OR(H14<>"",N14<>"",T14<>"",Z14<>"",AF14<>"",AL14<>"",AR14<>"",AU14<>""),TRUE,FALSE) -> FALSE
A15: =IF(OR(D15<>"",V15<>"",J15<>"",P15<>"",AB15<>"",AH15<>"",AN15<>"",AT15<>"",AZ15<>"",BF15<>"",BL15<>""),TRUE,FALSE) -> TRUE | B15: 3B.2.1 | I15: P | J15: P | O15: P | P15: P | Q15: P | AS15: 46092 | AT15: 46160 | BB15: 46167 | BQ15: =_xlfn.TEXTBEFORE($B15,".",2) -> 3B.2 | BR15: =IF(OR(H15<>"",N15<>"",T15<>"",Z15<>"",AF15<>"",AL15<>"",AR15<>"",AU15<>""),TRUE,FALSE) -> FALSE
A16: =IF(OR(D16<>"",V16<>"",J16<>"",P16<>"",AB16<>"",AH16<>"",AN16<>"",AT16<>"",AZ16<>"",BF16<>"",BL16<>""),TRUE,FALSE) -> TRUE | B16: 3B.2.2 | I16: P | J16: P | O16: P | P16: P | Q16: P | AS16: 46120 | AT16: 46161 | BB16: 46167 | BQ16: =_xlfn.TEXTBEFORE($B16,".",2) -> 3B.2 | BR16: =IF(OR(H16<>"",N16<>"",T16<>"",Z16<>"",AF16<>"",AL16<>"",AR16<>"",AU16<>""),TRUE,FALSE) -> FALSE
A17: =IF(OR(D17<>"",V17<>"",J17<>"",P17<>"",AB17<>"",AH17<>"",AN17<>"",AT17<>"",AZ17<>"",BF17<>"",BL17<>""),TRUE,FALSE) -> TRUE | B17: 3B.3.1 | I17: P | J17: P | O17: P | P17: P | AS17: 46121 | AT17: 46163 | BQ17: =_xlfn.TEXTBEFORE($B17,".",2) -> 3B.3 | BR17: =IF(OR(H17<>"",N17<>"",T17<>"",Z17<>"",AF17<>"",AL17<>"",AR17<>"",AU17<>""),TRUE,FALSE) -> FALSE
A18: =IF(OR(D18<>"",V18<>"",J18<>"",P18<>"",AB18<>"",AH18<>"",AN18<>"",AT18<>"",AZ18<>"",BF18<>"",BL18<>""),TRUE,FALSE) -> FALSE | B18: 4B.1.2 | BQ18: =_xlfn.TEXTBEFORE($B18,".",2) -> 4B.1 | BR18: =IF(OR(H18<>"",N18<>"",T18<>"",Z18<>"",AF18<>"",AL18<>"",AR18<>"",AU18<>""),TRUE,FALSE) -> FALSE
A19: =IF(OR(D19<>"",V19<>"",J19<>"",P19<>"",AB19<>"",AH19<>"",AN19<>"",AT19<>"",AZ19<>"",BF19<>"",BL19<>""),TRUE,FALSE) -> FALSE | B19: 4B.1.4 | BQ19: =_xlfn.TEXTBEFORE($B19,".",2) -> 4B.1 | BR19: =IF(OR(H19<>"",N19<>"",T19<>"",Z19<>"",AF19<>"",AL19<>"",AR19<>"",AU19<>""),TRUE,FALSE) -> FALSE
A20: =IF(OR(D20<>"",V20<>"",J20<>"",P20<>"",AB20<>"",AH20<>"",AN20<>"",AT20<>"",AZ20<>"",BF20<>"",BL20<>""),TRUE,FALSE) -> FALSE | B20: 4B.2.1 | BQ20: =_xlfn.TEXTBEFORE($B20,".",2) -> 4B.2 | BR20: =IF(OR(H20<>"",N20<>"",T20<>"",Z20<>"",AF20<>"",AL20<>"",AR20<>"",AU20<>""),TRUE,FALSE) -> FALSE
A21: =IF(OR(D21<>"",V21<>"",J21<>"",P21<>"",AB21<>"",AH21<>"",AN21<>"",AT21<>"",AZ21<>"",BF21<>"",BL21<>""),TRUE,FALSE) -> FALSE | B21: 4B.2.3 | BQ21: =_xlfn.TEXTBEFORE($B21,".",2) -> 4B.2 | BR21: =IF(OR(H21<>"",N21<>"",T21<>"",Z21<>"",AF21<>"",AL21<>"",AR21<>"",AU21<>""),TRUE,FALSE) -> FALSE
A22: =IF(OR(D22<>"",V22<>"",J22<>"",P22<>"",AB22<>"",AH22<>"",AN22<>"",AT22<>"",AZ22<>"",BF22<>"",BL22<>""),TRUE,FALSE) -> FALSE | B22: 4B.3.1 | I22: P | O22: P | AS22: 46244 | BQ22: =_xlfn.TEXTBEFORE($B22,".",2) -> 4B.3 | BR22: =IF(OR(H22<>"",N22<>"",T22<>"",Z22<>"",AF22<>"",AL22<>"",AR22<>"",AU22<>""),TRUE,FALSE) -> FALSE
A23: =IF(OR(D23<>"",V23<>"",J23<>"",P23<>"",AB23<>"",AH23<>"",AN23<>"",AT23<>"",AZ23<>"",BF23<>"",BL23<>""),TRUE,FALSE) -> TRUE | B23: 4B.3.2 | I23: P | J23: P | K23: P | O23: P | P23: P | Q23: P | AS23: 46141 | AT23: 46162 | AY23: 46141 | BB23: 46142 | BQ23: =_xlfn.TEXTBEFORE($B23,".",2) -> 4B.3 | BR23: =IF(OR(H23<>"",N23<>"",T23<>"",Z23<>"",AF23<>"",AL23<>"",AR23<>"",AU23<>""),TRUE,FALSE) -> FALSE
A24: =IF(OR(D24<>"",V24<>"",J24<>"",P24<>"",AB24<>"",AH24<>"",AN24<>"",AT24<>"",AZ24<>"",BF24<>"",BL24<>""),TRUE,FALSE) -> FALSE | B24: 4B.3.3 | BQ24: =_xlfn.TEXTBEFORE($B24,".",2) -> 4B.3 | BR24: =IF(OR(H24<>"",N24<>"",T24<>"",Z24<>"",AF24<>"",AL24<>"",AR24<>"",AU24<>""),TRUE,FALSE) -> FALSE
A25: =IF(OR(D25<>"",V25<>"",J25<>"",P25<>"",AB25<>"",AH25<>"",AN25<>"",AT25<>"",AZ25<>"",BF25<>"",BL25<>""),TRUE,FALSE) -> FALSE | B25: 4B.3.4 | BQ25: =_xlfn.TEXTBEFORE($B25,".",2) -> 4B.3 | BR25: =IF(OR(H25<>"",N25<>"",T25<>"",Z25<>"",AF25<>"",AL25<>"",AR25<>"",AU25<>""),TRUE,FALSE) -> FALSE
A26: =IF(OR(D26<>"",V26<>"",J26<>"",P26<>"",AB26<>"",AH26<>"",AN26<>"",AT26<>"",AZ26<>"",BF26<>"",BL26<>""),TRUE,FALSE) -> FALSE | B26: 4B.3.5 | I26: P | O26: P | AS26: 46246 | BQ26: =_xlfn.TEXTBEFORE($B26,".",2) -> 4B.3 | BR26: =IF(OR(H26<>"",N26<>"",T26<>"",Z26<>"",AF26<>"",AL26<>"",AR26<>"",AU26<>""),TRUE,FALSE) -> FALSE
A27: =IF(OR(D27<>"",V27<>"",J27<>"",P27<>"",AB27<>"",AH27<>"",AN27<>"",AT27<>"",AZ27<>"",BF27<>"",BL27<>""),TRUE,FALSE) -> FALSE | B27: 4B.3.6 | BQ27: =_xlfn.TEXTBEFORE($B27,".",2) -> 4B.3 | BR27: =IF(OR(H27<>"",N27<>"",T27<>"",Z27<>"",AF27<>"",AL27<>"",AR27<>"",AU27<>""),TRUE,FALSE) -> FALSE
A28: =IF(OR(D28<>"",V28<>"",J28<>"",P28<>"",AB28<>"",AH28<>"",AN28<>"",AT28<>"",AZ28<>"",BF28<>"",BL28<>""),TRUE,FALSE) -> FALSE | B28: 4B.3.7 | I28: P | O28: P | AS28: 46253 | BQ28: =_xlfn.TEXTBEFORE($B28,".",2) -> 4B.3 | BR28: =IF(OR(H28<>"",N28<>"",T28<>"",Z28<>"",AF28<>"",AL28<>"",AR28<>"",AU28<>""),TRUE,FALSE) -> FALSE
A29: =IF(OR(D29<>"",V29<>"",J29<>"",P29<>"",AB29<>"",AH29<>"",AN29<>"",AT29<>"",AZ29<>"",BF29<>"",BL29<>""),TRUE,FALSE) -> FALSE | B29: 4B.3.8 | BQ29: =_xlfn.TEXTBEFORE($B29,".",2) -> 4B.3 | BR29: =IF(OR(H29<>"",N29<>"",T29<>"",Z29<>"",AF29<>"",AL29<>"",AR29<>"",AU29<>""),TRUE,FALSE) -> FALSE
A30: =IF(OR(D30<>"",V30<>"",J30<>"",P30<>"",AB30<>"",AH30<>"",AN30<>"",AT30<>"",AZ30<>"",BF30<>"",BL30<>""),TRUE,FALSE) -> FALSE | B30: 5B.1.1 | BQ30: =_xlfn.TEXTBEFORE($B30,".",2) -> 5B.1 | BR30: =IF(OR(H30<>"",N30<>"",T30<>"",Z30<>"",AF30<>"",AL30<>"",AR30<>"",AU30<>""),TRUE,FALSE) -> FALSE
A31: =IF(OR(D31<>"",V31<>"",J31<>"",P31<>"",AB31<>"",AH31<>"",AN31<>"",AT31<>"",AZ31<>"",BF31<>"",BL31<>""),TRUE,FALSE) -> FALSE | B31: 5B.1.2 | BQ31: =_xlfn.TEXTBEFORE($B31,".",2) -> 5B.1 | BR31: =IF(OR(H31<>"",N31<>"",T31<>"",Z31<>"",AF31<>"",AL31<>"",AR31<>"",AU31<>""),TRUE,FALSE) -> FALSE
A32: =IF(OR(D32<>"",V32<>"",J32<>"",P32<>"",AB32<>"",AH32<>"",AN32<>"",AT32<>"",AZ32<>"",BF32<>"",BL32<>""),TRUE,FALSE) -> FALSE | B32: 5B.1.3 | BQ32: =_xlfn.TEXTBEFORE($B32,".",2) -> 5B.1 | BR32: =IF(OR(H32<>"",N32<>"",T32<>"",Z32<>"",AF32<>"",AL32<>"",AR32<>"",AU32<>""),TRUE,FALSE) -> FALSE
A33: =IF(OR(D33<>"",V33<>"",J33<>"",P33<>"",AB33<>"",AH33<>"",AN33<>"",AT33<>"",AZ33<>"",BF33<>"",BL33<>""),TRUE,FALSE) -> FALSE | B33: 5B.2.1 | BQ33: =_xlfn.TEXTBEFORE($B33,".",2) -> 5B.2 | BR33: =IF(OR(H33<>"",N33<>"",T33<>"",Z33<>"",AF33<>"",AL33<>"",AR33<>"",AU33<>""),TRUE,FALSE) -> FALSE
A34: =IF(OR(D34<>"",V34<>"",J34<>"",P34<>"",AB34<>"",AH34<>"",AN34<>"",AT34<>"",AZ34<>"",BF34<>"",BL34<>""),TRUE,FALSE) -> FALSE | B34: 5B.3.1 | BQ34: =_xlfn.TEXTBEFORE($B34,".",2) -> 5B.3 | BR34: =IF(OR(H34<>"",N34<>"",T34<>"",Z34<>"",AF34<>"",AL34<>"",AR34<>"",AU34<>""),TRUE,FALSE) -> FALSE
A35: =IF(OR(D35<>"",V35<>"",J35<>"",P35<>"",AB35<>"",AH35<>"",AN35<>"",AT35<>"",AZ35<>"",BF35<>"",BL35<>""),TRUE,FALSE) -> FALSE | B35: 5B.3.2 | BQ35: =_xlfn.TEXTBEFORE($B35,".",2) -> 5B.3 | BR35: =IF(OR(H35<>"",N35<>"",T35<>"",Z35<>"",AF35<>"",AL35<>"",AR35<>"",AU35<>""),TRUE,FALSE) -> FALSE
A36: =IF(OR(D36<>"",V36<>"",J36<>"",P36<>"",AB36<>"",AH36<>"",AN36<>"",AT36<>"",AZ36<>"",BF36<>"",BL36<>""),TRUE,FALSE) -> FALSE | B36: 5B.3.3 | BQ36: =_xlfn.TEXTBEFORE($B36,".",2) -> 5B.3 | BR36: =IF(OR(H36<>"",N36<>"",T36<>"",Z36<>"",AF36<>"",AL36<>"",AR36<>"",AU36<>""),TRUE,FALSE) -> FALSE
A37: =IF(OR(D37<>"",V37<>"",J37<>"",P37<>"",AB37<>"",AH37<>"",AN37<>"",AT37<>"",AZ37<>"",BF37<>"",BL37<>""),TRUE,FALSE) -> FALSE | B37: 10A.1.1 | BQ37: =_xlfn.TEXTBEFORE($B37,".",2) -> 10A.1 | BR37: =IF(OR(H37<>"",N37<>"",T37<>"",Z37<>"",AF37<>"",AL37<>"",AR37<>"",AU37<>""),TRUE,FALSE) -> FALSE
A38: =COUNTIF(A7:A37,TRUE)/COUNTA($B$7:$B$37) -> 0.19354839 | BR38: =COUNTIF(BR7:BR37,TRUE)/COUNTA($B$7:$B$37) -> 0
D53: #VALUE!

Sheet TH_CMI GRADE 12
C1: A | D1: ABSENT | P1: F | Q1: FAILED (STEPS C/D ONLY) | AR1: FALSE
C2: P | D2: PRESENT | P2: R | Q2: REMEDIAL
C3: O | D3: OPTIONAL | P3: Cours Planifié
C4: X | D4: PARTIAL PRESENCE | P4: A CORRIGER
C5: DIKI | I5: RIZKI | O5: GITA | U5: GHATA | AA5: RAHMAT | AG5: AYUTYASTUTI | AM5: KARTIKA | AS5: DATE DE DIFFUSION | AV5: DIKI | AY5: RIZKI | BB5: GITA | BE5: GHATA | BH5: RAHMAT | BK5: AYUTYASTUTI | BN5: KARTIKA
A6: Batch#1 | C6: A | D6: B | E6: C1 | F6: C2 | G6: C3 | H6: D | I6: A | J6: B | K6: C1 | L6: C2 | M6: C3 | N6: D | O6: A | P6: B | Q6: C1 | R6: C2 | S6: C3 | T6: D | U6: A | V6: B | W6: C1 | X6: C2 | Y6: C3 | Z6: D | AA6: A | AB6: B | AC6: C1 | AD6: C2 | AE6: C3 | AF6: D | AG6: A | AH6: B | AI6: C1 | AJ6: C2 | AK6: C3 | AL6: D | AM6: A | AN6: B | AO6: C1 | AP6: C2 | AQ6: C3 | AR6: D | AS6: A | AT6: B | AU6: D | AV6: C1 | AW6: C2 | AX6: C3 | AY6: C1 | AZ6: C2 | BA6: C3 | BB6: C1 | BC6: C2 | BD6: C3 | BE6: C1 | BF6: C2 | BG6: C3 | BH6: C1 | BI6: C2 | BJ6: C3 | BK6: C1 | BL6: C2 | BM6: C3 | BN6: C1 | BO6: C2 | BP6: C3 | BR6: Batch#2
A7: =IF(OR(D7<>"",V7<>"",J7<>"",P7<>"",AB7<>"",AH7<>"",AN7<>"",AT7<>""),TRUE,FALSE) -> FALSE | B7: 3C.1.1 | I7: P | O7: P | AS7: 46244 | BQ7: =_xlfn.TEXTBEFORE($B7,".",2) -> 3C.1 | BR7: =IF(OR(H7<>"",N7<>"",T7<>"",Z7<>"",AF7<>"",AL7<>"",AR7<>"",AU7<>""),TRUE,FALSE) -> FALSE
A8: =IF(OR(D8<>"",V8<>"",J8<>"",P8<>"",AB8<>"",AH8<>"",AN8<>"",AT8<>""),TRUE,FALSE) -> FALSE | B8: 3C.1.2 | BQ8: =_xlfn.TEXTBEFORE($B8,".",2) -> 3C.1 | BR8: =IF(OR(H8<>"",N8<>"",T8<>"",Z8<>"",AF8<>"",AL8<>"",AR8<>"",AU8<>""),TRUE,FALSE) -> FALSE
A9: =IF(OR(D9<>"",V9<>"",J9<>"",P9<>"",AB9<>"",AH9<>"",AN9<>"",AT9<>""),TRUE,FALSE) -> FALSE | B9: 3C.1.3 | I9: P | O9: P | AS9: 46253 | BQ9: =_xlfn.TEXTBEFORE($B9,".",2) -> 3C.1 | BR9: =IF(OR(H9<>"",N9<>"",T9<>"",Z9<>"",AF9<>"",AL9<>"",AR9<>"",AU9<>""),TRUE,FALSE) -> FALSE
A10: =IF(OR(D10<>"",V10<>"",J10<>"",P10<>"",AB10<>"",AH10<>"",AN10<>"",AT10<>""),TRUE,FALSE) -> FALSE | B10: 3C.2.1 | I10: P | O10: P | AS10: 46254 | BQ10: =_xlfn.TEXTBEFORE($B10,".",2) -> 3C.2 | BR10: =IF(OR(H10<>"",N10<>"",T10<>"",Z10<>"",AF10<>"",AL10<>"",AR10<>"",AU10<>""),TRUE,FALSE) -> FALSE
A11: =IF(OR(D11<>"",V11<>"",J11<>"",P11<>"",AB11<>"",AH11<>"",AN11<>"",AT11<>""),TRUE,FALSE) -> FALSE | B11: 4C.1.1 | AA11: P | AG11: P | AS11: 46254 | BQ11: =_xlfn.TEXTBEFORE($B11,".",2) -> 4C.1 | BR11: =IF(OR(H11<>"",N11<>"",T11<>"",Z11<>"",AF11<>"",AL11<>"",AR11<>"",AU11<>""),TRUE,FALSE) -> FALSE
A12: =IF(OR(D12<>"",V12<>"",J12<>"",P12<>"",AB12<>"",AH12<>"",AN12<>"",AT12<>""),TRUE,FALSE) -> FALSE | B12: 4C.2.1 | BQ12: =_xlfn.TEXTBEFORE($B12,".",2) -> 4C.2 | BR12: =IF(OR(H12<>"",N12<>"",T12<>"",Z12<>"",AF12<>"",AL12<>"",AR12<>"",AU12<>""),TRUE,FALSE) -> FALSE
A13: =IF(OR(D13<>"",V13<>"",J13<>"",P13<>"",AB13<>"",AH13<>"",AN13<>"",AT13<>""),TRUE,FALSE) -> FALSE | B13: 4C.3.1 | BQ13: =_xlfn.TEXTBEFORE($B13,".",2) -> 4C.3 | BR13: =IF(OR(H13<>"",N13<>"",T13<>"",Z13<>"",AF13<>"",AL13<>"",AR13<>"",AU13<>""),TRUE,FALSE) -> FALSE
A14: =IF(OR(D14<>"",V14<>"",J14<>"",P14<>"",AB14<>"",AH14<>"",AN14<>"",AT14<>""),TRUE,FALSE) -> FALSE | B14: 4C.4.1 | BQ14: =_xlfn.TEXTBEFORE($B14,".",2) -> 4C.4 | BR14: =IF(OR(H14<>"",N14<>"",T14<>"",Z14<>"",AF14<>"",AL14<>"",AR14<>"",AU14<>""),TRUE,FALSE) -> FALSE
A15: =IF(OR(D15<>"",V15<>"",J15<>"",P15<>"",AB15<>"",AH15<>"",AN15<>"",AT15<>""),TRUE,FALSE) -> FALSE | B15: 4C.5.1 | BQ15: =_xlfn.TEXTBEFORE($B15,".",2) -> 4C.5 | BR15: =IF(OR(H15<>"",N15<>"",T15<>"",Z15<>"",AF15<>"",AL15<>"",AR15<>"",AU15<>""),TRUE,FALSE) -> FALSE
A16: =IF(OR(D16<>"",V16<>"",J16<>"",P16<>"",AB16<>"",AH16<>"",AN16<>"",AT16<>""),TRUE,FALSE) -> FALSE | B16: 4C.6.1 | BQ16: =_xlfn.TEXTBEFORE($B16,".",2) -> 4C.6 | BR16: =IF(OR(H16<>"",N16<>"",T16<>"",Z16<>"",AF16<>"",AL16<>"",AR16<>"",AU16<>""),TRUE,FALSE) -> FALSE
A17: =IF(OR(D17<>"",V17<>"",J17<>"",P17<>"",AB17<>"",AH17<>"",AN17<>"",AT17<>""),TRUE,FALSE) -> FALSE | B17: 5C.1.1 | AA17: P | AG17: P | AS17: 46244 | BQ17: =_xlfn.TEXTBEFORE($B17,".",2) -> 5C.1 | BR17: =IF(OR(H17<>"",N17<>"",T17<>"",Z17<>"",AF17<>"",AL17<>"",AR17<>"",AU17<>""),TRUE,FALSE) -> FALSE
A18: =IF(OR(D18<>"",V18<>"",J18<>"",P18<>"",AB18<>"",AH18<>"",AN18<>"",AT18<>""),TRUE,FALSE) -> FALSE | B18: 5C.1.2 | AA18: P | AG18: P | AS18: 46244 | BQ18: =_xlfn.TEXTBEFORE($B18,".",2) -> 5C.1 | BR18: =IF(OR(H18<>"",N18<>"",T18<>"",Z18<>"",AF18<>"",AL18<>"",AR18<>"",AU18<>""),TRUE,FALSE) -> FALSE
A19: =IF(OR(D19<>"",V19<>"",J19<>"",P19<>"",AB19<>"",AH19<>"",AN19<>"",AT19<>""),TRUE,FALSE) -> FALSE | B19: 5C.1.3 | AA19: P | AG19: P | AS19: 46247 | BQ19: =_xlfn.TEXTBEFORE($B19,".",2) -> 5C.1 | BR19: =IF(OR(H19<>"",N19<>"",T19<>"",Z19<>"",AF19<>"",AL19<>"",AR19<>"",AU19<>""),TRUE,FALSE) -> FALSE
A20: =IF(OR(D20<>"",V20<>"",J20<>"",P20<>"",AB20<>"",AH20<>"",AN20<>"",AT20<>""),TRUE,FALSE) -> FALSE | B20: 5C.1.4 | AA20: P | AG20: P | AS20: 46245 | BQ20: =_xlfn.TEXTBEFORE($B20,".",2) -> 5C.1 | BR20: =IF(OR(H20<>"",N20<>"",T20<>"",Z20<>"",AF20<>"",AL20<>"",AR20<>"",AU20<>""),TRUE,FALSE) -> FALSE
A21: =IF(OR(D21<>"",V21<>"",J21<>"",P21<>"",AB21<>"",AH21<>"",AN21<>"",AT21<>""),TRUE,FALSE) -> FALSE | B21: 5C.1.5 | AA21: P | AG21: P | AS21: 46247 | BQ21: =_xlfn.TEXTBEFORE($B21,".",2) -> 5C.1 | BR21: =IF(OR(H21<>"",N21<>"",T21<>"",Z21<>"",AF21<>"",AL21<>"",AR21<>"",AU21<>""),TRUE,FALSE) -> FALSE
A22: =IF(OR(D22<>"",V22<>"",J22<>"",P22<>"",AB22<>"",AH22<>"",AN22<>"",AT22<>""),TRUE,FALSE) -> FALSE | B22: 5C.2.1 | BQ22: =_xlfn.TEXTBEFORE($B22,".",2) -> 5C.2 | BR22: =IF(OR(H22<>"",N22<>"",T22<>"",Z22<>"",AF22<>"",AL22<>"",AR22<>"",AU22<>""),TRUE,FALSE) -> FALSE
A23: =IF(OR(D23<>"",V23<>"",J23<>"",P23<>"",AB23<>"",AH23<>"",AN23<>"",AT23<>""),TRUE,FALSE) -> FALSE | B23: 5C.3.1 | AA23: P | AG23: P | AS23: 46247 | BQ23: =_xlfn.TEXTBEFORE($B23,".",2) -> 5C.3 | BR23: =IF(OR(H23<>"",N23<>"",T23<>"",Z23<>"",AF23<>"",AL23<>"",AR23<>"",AU23<>""),TRUE,FALSE) -> FALSE
A24: =IF(OR(D24<>"",V24<>"",J24<>"",P24<>"",AB24<>"",AH24<>"",AN24<>"",AT24<>""),TRUE,FALSE) -> FALSE | B24: 5C.3.2 | AA24: P | AG24: P | AS24: 46253 | BQ24: =_xlfn.TEXTBEFORE($B24,".",2) -> 5C.3 | BR24: =IF(OR(H24<>"",N24<>"",T24<>"",Z24<>"",AF24<>"",AL24<>"",AR24<>"",AU24<>""),TRUE,FALSE) -> FALSE
A25: =IF(OR(D25<>"",V25<>"",J25<>"",P25<>"",AB25<>"",AH25<>"",AN25<>"",AT25<>""),TRUE,FALSE) -> FALSE | B25: 5C.3.3 | BQ25: =_xlfn.TEXTBEFORE($B25,".",2) -> 5C.3 | BR25: =IF(OR(H25<>"",N25<>"",T25<>"",Z25<>"",AF25<>"",AL25<>"",AR25<>"",AU25<>""),TRUE,FALSE) -> FALSE
A26: =IF(OR(D26<>"",V26<>"",J26<>"",P26<>"",AB26<>"",AH26<>"",AN26<>"",AT26<>""),TRUE,FALSE) -> FALSE | B26: 5C.3.4 | AA26: P | AG26: P | AS26: 46253 | BQ26: =_xlfn.TEXTBEFORE($B26,".",2) -> 5C.3 | BR26: =IF(OR(H26<>"",N26<>"",T26<>"",Z26<>"",AF26<>"",AL26<>"",AR26<>"",AU26<>""),TRUE,FALSE) -> FALSE
A27: =IF(OR(D27<>"",V27<>"",J27<>"",P27<>"",AB27<>"",AH27<>"",AN27<>"",AT27<>""),TRUE,FALSE) -> FALSE | B27: 10B.1.1 | U27: P | AM27: P | AS27: 46252 | BQ27: =_xlfn.TEXTBEFORE($B27,".",2) -> 10B.1 | BR27: =IF(OR(H27<>"",N27<>"",T27<>"",Z27<>"",AF27<>"",AL27<>"",AR27<>"",AU27<>""),TRUE,FALSE) -> FALSE
A28: =IF(OR(D28<>"",V28<>"",J28<>"",P28<>"",AB28<>"",AH28<>"",AN28<>"",AT28<>""),TRUE,FALSE) -> FALSE | B28: 10B.1.2 | U28: P | AM28: P | AS28: 46253 | BQ28: =_xlfn.TEXTBEFORE($B28,".",2) -> 10B.1 | BR28: =IF(OR(H28<>"",N28<>"",T28<>"",Z28<>"",AF28<>"",AL28<>"",AR28<>"",AU28<>""),TRUE,FALSE) -> FALSE
A29: =IF(OR(D29<>"",V29<>"",J29<>"",P29<>"",AB29<>"",AH29<>"",AN29<>"",AT29<>""),TRUE,FALSE) -> FALSE | B29: 10B.1.3 | U29: P | AM29: P | AS29: 46253 | BQ29: =_xlfn.TEXTBEFORE($B29,".",2) -> 10B.1 | BR29: =IF(OR(H29<>"",N29<>"",T29<>"",Z29<>"",AF29<>"",AL29<>"",AR29<>"",AU29<>""),TRUE,FALSE) -> FALSE
A30: =IF(OR(D30<>"",V30<>"",J30<>"",P30<>"",AB30<>"",AH30<>"",AN30<>"",AT30<>""),TRUE,FALSE) -> FALSE | B30: 10B.1.4 | U30: P | AM30: P | AS30: 46253 | BQ30: =_xlfn.TEXTBEFORE($B30,".",2) -> 10B.1 | BR30: =IF(OR(H30<>"",N30<>"",T30<>"",Z30<>"",AF30<>"",AL30<>"",AR30<>"",AU30<>""),TRUE,FALSE) -> FALSE
A31: =IF(OR(D31<>"",V31<>"",J31<>"",P31<>"",AB31<>"",AH31<>"",AN31<>"",AT31<>""),TRUE,FALSE) -> FALSE | B31: 10B.1.5 | U31: P | AM31: P | AS31: 46253 | BQ31: =_xlfn.TEXTBEFORE($B31,".",2) -> 10B.1 | BR31: =IF(OR(H31<>"",N31<>"",T31<>"",Z31<>"",AF31<>"",AL31<>"",AR31<>"",AU31<>""),TRUE,FALSE) -> FALSE
A32: =IF(OR(D32<>"",V32<>"",J32<>"",P32<>"",AB32<>"",AH32<>"",AN32<>"",AT32<>""),TRUE,FALSE) -> FALSE | B32: 10B.1.6 | U32: P | AM32: P | AS32: 46254 | BQ32: =_xlfn.TEXTBEFORE($B32,".",2) -> 10B.1 | BR32: =IF(OR(H32<>"",N32<>"",T32<>"",Z32<>"",AF32<>"",AL32<>"",AR32<>"",AU32<>""),TRUE,FALSE) -> FALSE
A33: =IF(OR(D33<>"",V33<>"",J33<>"",P33<>"",AB33<>"",AH33<>"",AN33<>"",AT33<>""),TRUE,FALSE) -> FALSE | B33: 11B.1.1 | BQ33: =_xlfn.TEXTBEFORE($B33,".",2) -> 11B.1 | BR33: =IF(OR(H33<>"",N33<>"",T33<>"",Z33<>"",AF33<>"",AL33<>"",AR33<>"",AU33<>""),TRUE,FALSE) -> FALSE
A34: =IF(OR(D34<>"",V34<>"",J34<>"",P34<>"",AB34<>"",AH34<>"",AN34<>"",AT34<>""),TRUE,FALSE) -> FALSE | B34: 11B.1.2 | BQ34: =_xlfn.TEXTBEFORE($B34,".",2) -> 11B.1 | BR34: =IF(OR(H34<>"",N34<>"",T34<>"",Z34<>"",AF34<>"",AL34<>"",AR34<>"",AU34<>""),TRUE,FALSE) -> FALSE
A35: =IF(OR(D35<>"",V35<>"",J35<>"",P35<>"",AB35<>"",AH35<>"",AN35<>"",AT35<>""),TRUE,FALSE) -> FALSE | B35: 11B.1.3 | BQ35: =_xlfn.TEXTBEFORE($B35,".",2) -> 11B.1 | BR35: =IF(OR(H35<>"",N35<>"",T35<>"",Z35<>"",AF35<>"",AL35<>"",AR35<>"",AU35<>""),TRUE,FALSE) -> FALSE
A36: =IF(OR(D36<>"",V36<>"",J36<>"",P36<>"",AB36<>"",AH36<>"",AN36<>"",AT36<>""),TRUE,FALSE) -> FALSE | B36: 7C.1.1 | U36: P | AM36: P | AS36: 46252 | BQ36: =_xlfn.TEXTBEFORE($B36,".",2) -> 7C.1 | BR36: =IF(OR(H36<>"",N36<>"",T36<>"",Z36<>"",AF36<>"",AL36<>"",AR36<>"",AU36<>""),TRUE,FALSE) -> FALSE
A37: =IF(OR(D37<>"",V37<>"",J37<>"",P37<>"",AB37<>"",AH37<>"",AN37<>"",AT37<>""),TRUE,FALSE) -> FALSE | B37: 7C.1.2 | BQ37: =_xlfn.TEXTBEFORE($B37,".",2) -> 7C.1 | BR37: =IF(OR(H37<>"",N37<>"",T37<>"",Z37<>"",AF37<>"",AL37<>"",AR37<>"",AU37<>""),TRUE,FALSE) -> FALSE
A38: =IF(OR(D38<>"",V38<>"",J38<>"",P38<>"",AB38<>"",AH38<>"",AN38<>"",AT38<>""),TRUE,FALSE) -> FALSE | B38: 7C.1.3 | BQ38: =_xlfn.TEXTBEFORE($B38,".",2) -> 7C.1 | BR38: =IF(OR(H38<>"",N38<>"",T38<>"",Z38<>"",AF38<>"",AL38<>"",AR38<>"",AU38<>""),TRUE,FALSE) -> FALSE
A39: =IF(OR(D39<>"",V39<>"",J39<>"",P39<>"",AB39<>"",AH39<>"",AN39<>"",AT39<>""),TRUE,FALSE) -> FALSE | B39: 7C.1.4 | BQ39: =_xlfn.TEXTBEFORE($B39,".",2) -> 7C.1 | BR39: =IF(OR(H39<>"",N39<>"",T39<>"",Z39<>"",AF39<>"",AL39<>"",AR39<>"",AU39<>""),TRUE,FALSE) -> FALSE
A40: =IF(OR(D40<>"",V40<>"",J40<>"",P40<>"",AB40<>"",AH40<>"",AN40<>"",AT40<>""),TRUE,FALSE) -> FALSE | B40: 7C.1.5 | BQ40: =_xlfn.TEXTBEFORE($B40,".",2) -> 7C.1 | BR40: =IF(OR(H40<>"",N40<>"",T40<>"",Z40<>"",AF40<>"",AL40<>"",AR40<>"",AU40<>""),TRUE,FALSE) -> FALSE
A41: =IF(OR(D41<>"",V41<>"",J41<>"",P41<>"",AB41<>"",AH41<>"",AN41<>"",AT41<>""),TRUE,FALSE) -> FALSE | B41: 7C.1.6 | BQ41: =_xlfn.TEXTBEFORE($B41,".",2) -> 7C.1 | BR41: =IF(OR(H41<>"",N41<>"",T41<>"",Z41<>"",AF41<>"",AL41<>"",AR41<>"",AU41<>""),TRUE,FALSE) -> FALSE
A42: =IF(OR(D42<>"",V42<>"",J42<>"",P42<>"",AB42<>"",AH42<>"",AN42<>"",AT42<>""),TRUE,FALSE) -> FALSE | B42: 12.2.1 | BQ42: =_xlfn.TEXTBEFORE($B42,".",2) -> 12.2 | BR42: =IF(OR(H42<>"",N42<>"",T42<>"",Z42<>"",AF42<>"",AL42<>"",AR42<>"",AU42<>""),TRUE,FALSE) -> FALSE
A43: =IF(OR(D43<>"",V43<>"",J43<>"",P43<>"",AB43<>"",AH43<>"",AN43<>"",AT43<>""),TRUE,FALSE) -> FALSE | B43: 12.3.1 | BQ43: =_xlfn.TEXTBEFORE($B43,".",2) -> 12.3 | BR43: =IF(OR(H43<>"",N43<>"",T43<>"",Z43<>"",AF43<>"",AL43<>"",AR43<>"",AU43<>""),TRUE,FALSE) -> FALSE
A44: =IF(OR(D44<>"",V44<>"",J44<>"",P44<>"",AB44<>"",AH44<>"",AN44<>"",AT44<>""),TRUE,FALSE) -> FALSE | B44: 12.3.2 | BQ44: =_xlfn.TEXTBEFORE($B44,".",2) -> 12.3 | BR44: =IF(OR(H44<>"",N44<>"",T44<>"",Z44<>"",AF44<>"",AL44<>"",AR44<>"",AU44<>""),TRUE,FALSE) -> FALSE
A45: =COUNTIF(A7:A44,TRUE)/COUNTA($B$7:$B$44) -> 0 | BR45: =COUNTIF(BR7:BR44,TRUE)/COUNTA($B$7:$B$44) -> 0
D63: #VALUE!

Sheet PW_CMI GRADE 12
C1: A | D1: ABSENT | P1: F | Q1: FAILED (STEPS C/D ONLY) | AR1: FALSE
C2: P | D2: PRESENT | P2: R | Q2: REMEDIAL
C3: O | D3: OPTIONAL | P3: Cours Planifié
C4: X | D4: PARTIAL PRESENCE | P4: A CORRIGER
C5: DIKI | I5: RIZKI | O5: GITA | U5: GHATA | AA5: RAHMAT | AG5: AYUTYASTUTI | AM5: KARTIKA | AS5: DATE DE DIFFUSION | AV5: DIKI | AY5: RIZKI | BB5: GITA | BE5: GHATA | BH5: RAHMAT | BK5: AYUTYASTUTI | BN5: KARTIKA
A6: Batch#1 | C6: A | D6: B | E6: C1 | F6: C2 | G6: C3 | H6: D | I6: A | J6: B | K6: C1 | L6: C2 | M6: C3 | N6: D | O6: A | P6: B | Q6: C1 | R6: C2 | S6: C3 | T6: D | U6: A | V6: B | W6: C1 | X6: C2 | Y6: C3 | Z6: D | AA6: A | AB6: B | AC6: C1 | AD6: C2 | AE6: C3 | AF6: D | AG6: A | AH6: B | AI6: C1 | AJ6: C2 | AK6: C3 | AL6: D | AM6: A | AN6: B | AO6: C1 | AP6: C2 | AQ6: C3 | AR6: D | AS6: A | AT6: B | AU6: D | AV6: C1 | AW6: C2 | AX6: C3 | AY6: C1 | AZ6: C2 | BA6: C3 | BB6: C1 | BC6: C2 | BD6: C3 | BE6: C1 | BF6: C2 | BG6: C3 | BH6: C1 | BI6: C2 | BJ6: C3 | BK6: C1 | BL6: C2 | BM6: C3 | BN6: C1 | BO6: C2 | BP6: C3 | BR6: Batch#2
A7: =IF(OR(D7<>"",V7<>"",J7<>"",P7<>"",AB7<>"",AH7<>"",AN7<>"",AT7<>""),TRUE,FALSE) -> FALSE | B7: 3C.1.1 | BQ7: =_xlfn.TEXTBEFORE($B7,".",2) -> 3C.1 | BR7: =IF(OR(H7<>"",N7<>"",T7<>"",Z7<>"",AF7<>"",AL7<>"",AR7<>"",AU7<>""),TRUE,FALSE) -> FALSE
A8: =IF(OR(D8<>"",V8<>"",J8<>"",P8<>"",AB8<>"",AH8<>"",AN8<>"",AT8<>""),TRUE,FALSE) -> FALSE | B8: 3C.1.2 | BQ8: =_xlfn.TEXTBEFORE($B8,".",2) -> 3C.1 | BR8: =IF(OR(H8<>"",N8<>"",T8<>"",Z8<>"",AF8<>"",AL8<>"",AR8<>"",AU8<>""),TRUE,FALSE) -> FALSE
A9: =IF(OR(D9<>"",V9<>"",J9<>"",P9<>"",AB9<>"",AH9<>"",AN9<>"",AT9<>""),TRUE,FALSE) -> FALSE | B9: 3C.2.1 | BQ9: =_xlfn.TEXTBEFORE($B9,".",2) -> 3C.2 | BR9: =IF(OR(H9<>"",N9<>"",T9<>"",Z9<>"",AF9<>"",AL9<>"",AR9<>"",AU9<>""),TRUE,FALSE) -> FALSE
A10: =IF(OR(D10<>"",V10<>"",J10<>"",P10<>"",AB10<>"",AH10<>"",AN10<>"",AT10<>""),TRUE,FALSE) -> FALSE | B10: 4C.1.1 | BQ10: =_xlfn.TEXTBEFORE($B10,".",2) -> 4C.1 | BR10: =IF(OR(H10<>"",N10<>"",T10<>"",Z10<>"",AF10<>"",AL10<>"",AR10<>"",AU10<>""),TRUE,FALSE) -> FALSE
A11: =IF(OR(D11<>"",V11<>"",J11<>"",P11<>"",AB11<>"",AH11<>"",AN11<>"",AT11<>""),TRUE,FALSE) -> FALSE | B11: 4C.2.1 | BQ11: =_xlfn.TEXTBEFORE($B11,".",2) -> 4C.2 | BR11: =IF(OR(H11<>"",N11<>"",T11<>"",Z11<>"",AF11<>"",AL11<>"",AR11<>"",AU11<>""),TRUE,FALSE) -> FALSE
A12: =IF(OR(D12<>"",V12<>"",J12<>"",P12<>"",AB12<>"",AH12<>"",AN12<>"",AT12<>""),TRUE,FALSE) -> FALSE | B12: 4C.3.1 | BQ12: =_xlfn.TEXTBEFORE($B12,".",2) -> 4C.3 | BR12: =IF(OR(H12<>"",N12<>"",T12<>"",Z12<>"",AF12<>"",AL12<>"",AR12<>"",AU12<>""),TRUE,FALSE) -> FALSE
A13: =IF(OR(D13<>"",V13<>"",J13<>"",P13<>"",AB13<>"",AH13<>"",AN13<>"",AT13<>""),TRUE,FALSE) -> FALSE | B13: 4C.5.1 | BQ13: =_xlfn.TEXTBEFORE($B13,".",2) -> 4C.5 | BR13: =IF(OR(H13<>"",N13<>"",T13<>"",Z13<>"",AF13<>"",AL13<>"",AR13<>"",AU13<>""),TRUE,FALSE) -> FALSE
A14: =IF(OR(D14<>"",V14<>"",J14<>"",P14<>"",AB14<>"",AH14<>"",AN14<>"",AT14<>""),TRUE,FALSE) -> FALSE | B14: 4C.6.1 | BQ14: =_xlfn.TEXTBEFORE($B14,".",2) -> 4C.6 | BR14: =IF(OR(H14<>"",N14<>"",T14<>"",Z14<>"",AF14<>"",AL14<>"",AR14<>"",AU14<>""),TRUE,FALSE) -> FALSE
A15: =IF(OR(D15<>"",V15<>"",J15<>"",P15<>"",AB15<>"",AH15<>"",AN15<>"",AT15<>""),TRUE,FALSE) -> FALSE | B15: 5C.1.1 | BQ15: =_xlfn.TEXTBEFORE($B15,".",2) -> 5C.1 | BR15: =IF(OR(H15<>"",N15<>"",T15<>"",Z15<>"",AF15<>"",AL15<>"",AR15<>"",AU15<>""),TRUE,FALSE) -> FALSE
A16: =IF(OR(D16<>"",V16<>"",J16<>"",P16<>"",AB16<>"",AH16<>"",AN16<>"",AT16<>""),TRUE,FALSE) -> FALSE | B16: 5C.1.3 | BQ16: =_xlfn.TEXTBEFORE($B16,".",2) -> 5C.1 | BR16: =IF(OR(H16<>"",N16<>"",T16<>"",Z16<>"",AF16<>"",AL16<>"",AR16<>"",AU16<>""),TRUE,FALSE) -> FALSE
A17: =IF(OR(D17<>"",V17<>"",J17<>"",P17<>"",AB17<>"",AH17<>"",AN17<>"",AT17<>""),TRUE,FALSE) -> FALSE | B17: 5C.1.4 | BQ17: =_xlfn.TEXTBEFORE($B17,".",2) -> 5C.1 | BR17: =IF(OR(H17<>"",N17<>"",T17<>"",Z17<>"",AF17<>"",AL17<>"",AR17<>"",AU17<>""),TRUE,FALSE) -> FALSE
A18: =IF(OR(D18<>"",V18<>"",J18<>"",P18<>"",AB18<>"",AH18<>"",AN18<>"",AT18<>""),TRUE,FALSE) -> FALSE | B18: 5C.1.5 | BQ18: =_xlfn.TEXTBEFORE($B18,".",2) -> 5C.1 | BR18: =IF(OR(H18<>"",N18<>"",T18<>"",Z18<>"",AF18<>"",AL18<>"",AR18<>"",AU18<>""),TRUE,FALSE) -> FALSE
... A34: =IF(OR(D34<>"",V34<>"",J34<>"",P34<>"",AB34<>"",AH34<>"",AN34<>"",AT34<>""),TRUE,FALSE) -> FALSE | B34: 12.3.4 | BQ34: =_xlfn.TEXTBEFORE($B34,".",2) -> 12.3 | BR34: =IF(OR(H34<>"",N34<>"",T34<>"",Z34<>"",AF34<>"",AL34<>"",AR34<>"",AU34<>""),TRUE,FALSE) -> FALSE
A35: =COUNTIF(A7:A34,TRUE)/COUNTA($B$7:$B$34) -> 0 | BR35: =COUNTIF(BR7:BR34,TRUE)/COUNTA($B$7:$B$34) -> 0
D53: #VALUE!

Sheet KPI CMI
B1: TH | F1: PW
A2: LESSON | B2: QTY IAT | C2: IAT PRES. | E2: RATE | F2: LESSON | G2: QTY IAT | H2: IAT PRES. | J2: RATE
A3: 1.1.1.A | B3: 2 | C3: =IFERROR( --(INDEX('TH_CMI GRADE 10'!$C$7:$C$49,MATCH(LEFT($A3,LEN($A3)-2),'TH_CMI GRADE 10'!$B$7:$B$49,0))="P")+ --(INDEX('TH_CMI GRADE 10'!$I$7:$I$49,MATCH(LEFT($A3,LEN($A3)-2),'TH_CMI GRADE 10'!$B$7:$B$49,0))="P")+ --(INDEX('TH_CMI GRADE 10'!$O$7:$O$49,MATCH(LEFT($A3,LEN($A3)-2),'TH_CMI GRADE 10'!$B$7:$B$49,0))="P")+ --(INDEX('TH_CMI GRADE 10'!$U$7:$U$49,MATCH(LEFT($A3,LEN($A3)-2),'TH_CMI GRADE 10'!$B$7:$B$49,0))="P")+ --(INDEX('TH_CMI GRADE 10'!$AA$7:$AA$49,MATCH(LEFT($A3,LEN($A3)-2),'TH_CMI GRADE 10'!$B$7:$B$49,0))="P")+ --(INDEX('TH_CMI GRADE 10'!$AG$7:$AG$49,MATCH(LEFT($A3,LEN($A3)-2),'TH_CMI GRADE 10'!$B$7:$B$49,0))="P")+ --(INDEX('TH_CMI GRADE 10'!$AM$7:$AM$49,MATCH(LEFT($A3,LEN($A3)-2),'TH_CMI GRADE 10'!$B$7:$B$49,0))="P"), 0) -> 2 | D3: =IF(IF(_xlfn.XLOOKUP(LEFT($A3,LEN($A3)-2),'TH_CMI GRADE 10'!$B$7:$B$49,'TH_CMI GRADE 10'!$AS$7:$AS$49,"",0,1)=0,"",_xlfn.XLOOKUP(LEFT($A3,LEN($A3)-2),'TH_CMI GRADE 10'!$B$7:$B$49,'TH_CMI GRADE 10'!$AS$7:$AS$49,"",0,1))<=TODAY(),TRUE,FALSE) -> TRUE | E3: =IFERROR(IF(AND(D3=TRUE(),C3/B3<=1),C3/B3,IF(AND(D3=TRUE(),C3/B3>1),1,"")),0) -> 1 | F3: 1.1.1.A | G3: 2 | H3: =IFERROR( --(INDEX('PW_CMI GRADE 10'!$C$7:$C$31,MATCH(LEFT($A3,LEN($A3)-2),'PW_CMI GRADE 10'!$B$7:$B$31,0))="P")+ --(INDEX('PW_CMI GRADE 10'!$I$7:$I$31,MATCH(LEFT($A3,LEN($A3)-2),'PW_CMI GRADE 10'!$B$7:$B$31,0))="P")+ --(INDEX('PW_CMI GRADE 10'!$O$7:$O$31,MATCH(LEFT($A3,LEN($A3)-2),'PW_CMI GRADE 10'!$B$7:$B$31,0))="P")+ --(INDEX('PW_CMI GRADE 10'!$U$7:$U$31,MATCH(LEFT($A3,LEN($A3)-2),'PW_CMI GRADE 10'!$B$7:$B$31,0))="P")+ --(INDEX('PW_CMI GRADE 10'!$AA$7:$AA$31,MATCH(LEFT($A3,LEN($A3)-2),'PW_CMI GRADE 10'!$B$7:$B$31,0))="P")+ --(INDEX('PW_CMI GRADE 10'!$AG$7:$AG$31,MATCH(LEFT($A3,LEN($A3)-2),'PW_CMI GRADE 10'!$B$7:$B$31,0))="P")+ --(INDEX('PW_CMI GRADE 10'!$AM$7:$AM$31,MATCH(LEFT($A3,LEN($A3)-2),'PW_CMI GRADE 10'!$B$7:$B$31,0))="P"), 0) -> 0 | I3: =IF(IF(_xlfn.XLOOKUP(LEFT($A3,LEN($A3)-2),'PW_CMI GRADE 10'!$B$7:$B$31,'PW_CMI GRADE 10'!$AS$7:$AS$31,"",0,1)=0,"",_xlfn.XLOOKUP(LEFT($A3,LEN($A3)-2),'PW_CMI GRADE 10'!$B$7:$B$31,'PW_CMI GRADE 10'!$AS$7:$AS$31,"",0,1))<=TODAY(),TRUE,FALSE) -> FALSE | J3: =IFERROR(IF(AND(I3=TRUE(),H3/G3<=1),H3/G3,IF(AND(I3=TRUE(),H3/G3>1),1,"")),0)
A4: 2.1.1.A | B4: 2 | C4: =IFERROR( --(INDEX('TH_CMI GRADE 10'!$C$7:$C$49,MATCH(LEFT($A4,LEN($A4)-2),'TH_CMI GRADE 10'!$B$7:$B$49,0))="P")+ --(INDEX('TH_CMI GRADE 10'!$I$7:$I$49,MATCH(LEFT($A4,LEN($A4)-2),'TH_CMI GRADE 10'!$B$7:$B$49,0))="P")+ --(INDEX('TH_CMI GRADE 10'!$O$7:$O$49,MATCH(LEFT($A4,LEN($A4)-2),'TH_CMI GRADE 10'!$B$7:$B$49,0))="P")+ --(INDEX('TH_CMI GRADE 10'!$U$7:$U$49,MATCH(LEFT($A4,LEN($A4)-2),'TH_CMI GRADE 10'!$B$7:$B$49,0))="P")+ --(INDEX('TH_CMI GRADE 10'!$AA$7:$AA$49,MATCH(LEFT($A4,LEN($A4)-2),'TH_CMI GRADE 10'!$B$7:$B$49,0))="P")+ --(INDEX('TH_CMI GRADE 10'!$AG$7:$AG$49,MATCH(LEFT($A4,LEN($A4)-2),'TH_CMI GRADE 10'!$B$7:$B$49,0))="P")+ --(INDEX('TH_CMI GRADE 10'!$AM$7:$AM$49,MATCH(LEFT($A4,LEN($A4)-2),'TH_CMI GRADE 10'!$B$7:$B$49,0))="P"), 0) -> 2 | D4: =IF(IF(_xlfn.XLOOKUP(LEFT(A4,LEN(A4)-2),'TH_CMI GRADE 10'!$B$7:$B$49,'TH_CMI GRADE 10'!$AS$7:$AS$49,"",0,1)=0,"",_xlfn.XLOOKUP(LEFT(A4,LEN(A4)-2),'TH_CMI GRADE 10'!$B$7:$B$49,'TH_CMI GRADE 10'!$AS$7:$AS$49,"",0,1))<=TODAY(),TRUE,FALSE) -> TRUE | E4: =IFERROR(IF(AND(D4=TRUE(),C4/B4<=1),C4/B4,IF(AND(D4=TRUE(),C4/B4>1),1,"")),0) -> 1 | F4: 2.1.1.A | G4: 2 | H4: =IFERROR( --(INDEX('PW_CMI GRADE 10'!$C$7:$C$31,MATCH(LEFT($A4,LEN($A4)-2),'PW_CMI GRADE 10'!$B$7:$B$31,0))="P")+ --(INDEX('PW_CMI GRADE 10'!$I$7:$I$31,MATCH(LEFT($A4,LEN($A4)-2),'PW_CMI GRADE 10'!$B$7:$B$31,0))="P")+ --(INDEX('PW_CMI GRADE 10'!$O$7:$O$31,MATCH(LEFT($A4,LEN($A4)-2),'PW_CMI GRADE 10'!$B$7:$B$31,0))="P")+ --(INDEX('PW_CMI GRADE 10'!$U$7:$U$31,MATCH(LEFT($A4,LEN($A4)-2),'PW_CMI GRADE 10'!$B$7:$B$31,0))="P")+ --(INDEX('PW_CMI GRADE 10'!$AA$7:$AA$31,MATCH(LEFT($A4,LEN($A4)-2),'PW_CMI GRADE 10'!$B$7:$B$31,0))="P")+ --(INDEX('PW_CMI GRADE 10'!$AG$7:$AG$31,MATCH(LEFT($A4,LEN($A4)-2),'PW_CMI GRADE 10'!$B$7:$B$31,0))="P")+ --(INDEX('PW_CMI GRADE 10'!$AM$7:$AM$31,MATCH(LEFT($A4,LEN($A4)-2),'PW_CMI GRADE 10'!$B$7:$B$31,0))="P"), 0) -> 0 | I4: =IF(IF(_xlfn.XLOOKUP(LEFT($A4,LEN($A4)-2),'PW_CMI GRADE 10'!$B$7:$B$31,'PW_CMI GRADE 10'!$AS$7:$AS$31,"",0,1)=0,"",_xlfn.XLOOKUP(LEFT($A4,LEN($A4)-2),'PW_CMI GRADE 10'!$B$7:$B$31,'PW_CMI GRADE 10'!$AS$7:$AS$31,"",0,1))<=TODAY(),TRUE,FALSE) -> FALSE | J4: =IFERROR(IF(AND(I4=TRUE(),H4/G4<=1),H4/G4,IF(AND(I4=TRUE(),H4/G4>1),1,"")),0)
A5: 2.1.2.A | B5: 2 | C5: =IFERROR( --(INDEX('TH_CMI GRADE 10'!$C$7:$C$49,MATCH(LEFT($A5,LEN($A5)-2),'TH_CMI GRADE 10'!$B$7:$B$49,0))="P")+ --(INDEX('TH_CMI GRADE 10'!$I$7:$I$49,MATCH(LEFT($A5,LEN($A5)-2),'TH_CMI GRADE 10'!$B$7:$B$49,0))="P")+ --(INDEX('TH_CMI GRADE 10'!$O$7:$O$49,MATCH(LEFT($A5,LEN($A5)-2),'TH_CMI GRADE 10'!$B$7:$B$49,0))="P")+ --(INDEX('TH_CMI GRADE 10'!$U$7:$U$49,MATCH(LEFT($A5,LEN($A5)-2),'TH_CMI GRADE 10'!$B$7:$B$49,0))="P")+ --(INDEX('TH_CMI GRADE 10'!$AA$7:$AA$49,MATCH(LEFT($A5,LEN($A5)-2),'TH_CMI GRADE 10'!$B$7:$B$49,0))="P")+ --(INDEX('TH_CMI GRADE 10'!$AG$7:$AG$49,MATCH(LEFT($A5,LEN($A5)-2),'TH_CMI GRADE 10'!$B$7:$B$49,0))="P")+ --(INDEX('TH_CMI GRADE 10'!$AM$7:$AM$49,MATCH(LEFT($A5,LEN($A5)-2),'TH_CMI GRADE 10'!$B$7:$B$49,0))="P"), 0) -> 2 | D5: =IF(IF(_xlfn.XLOOKUP(LEFT(A5,LEN(A5)-2),'TH_CMI GRADE 10'!$B$7:$B$49,'TH_CMI GRADE 10'!$AS$7:$AS$49,"",0,1)=0,"",_xlfn.XLOOKUP(LEFT(A5,LEN(A5)-2),'TH_CMI GRADE 10'!$B$7:$B$49,'TH_CMI GRADE 10'!$AS$7:$AS$49,"",0,1))<=TODAY(),TRUE,FALSE) -> TRUE | E5: =IFERROR(IF(AND(D5=TRUE(),C5/B5<=1),C5/B5,IF(AND(D5=TRUE(),C5/B5>1),1,"")),0) -> 1 | F5: 2.1.2.A | G5: 2 | H5: =IFERROR( --(INDEX('PW_CMI GRADE 10'!$C$7:$C$31,MATCH(LEFT($A5,LEN($A5)-2),'PW_CMI GRADE 10'!$B$7:$B$31,0))="P")+ --(INDEX('PW_CMI GRADE 10'!$I$7:$I$31,MATCH(LEFT($A5,LEN($A5)-2),'PW_CMI GRADE 10'!$B$7:$B$31,0))="P")+ --(INDEX('PW_CMI GRADE 10'!$O$7:$O$31,MATCH(LEFT($A5,LEN($A5)-2),'PW_CMI GRADE 10'!$B$7:$B$31,0))="P")+ --(INDEX('PW_CMI GRADE 10'!$U$7:$U$31,MATCH(LEFT($A5,LEN($A5)-2),'PW_CMI GRADE 10'!$B$7:$B$31,0))="P")+ --(INDEX('PW_CMI GRADE 10'!$AA$7:$AA$31,MATCH(LEFT($A5,LEN($A5)-2),'PW_CMI GRADE 10'!$B$7:$B$31,0))="P")+ --(INDEX('PW_CMI GRADE 10'!$AG$7:$AG$31,MATCH(LEFT($A5,LEN($A5)-2),'PW_CMI GRADE 10'!$B$7:$B$31,0))="P")+ --(INDEX('PW_CMI GRADE 10'!$AM$7:$AM$31,MATCH(LEFT($A5,LEN($A5)-2),'PW_CMI GRADE 10'!$B$7:$B$31,0))="P"), 0) -> 0 | I5: =IF(IF(_xlfn.XLOOKUP(LEFT($A5,LEN($A5)-2),'PW_CMI GRADE 10'!$B$7:$B$31,'PW_CMI GRADE 10'!$AS$7:$AS$31,"",0,1)=0,"",_xlfn.XLOOKUP(LEFT($A5,LEN($A5)-2),'PW_CMI GRADE 10'!$B$7:$B$31,'PW_CMI GRADE 10'!$AS$7:$AS$31,"",0,1))<=TODAY(),TRUE,FALSE) -> FALSE | J5: =IFERROR(IF(AND(I5=TRUE(),H5/G5<=1),H5/G5,IF(AND(I5=TRUE(),H5/G5>1),1,"")),0)
A6: 2.1.3.A | B6: 2 | C6: =IFERROR( --(INDEX('TH_CMI GRADE 10'!$C$7:$C$49,MATCH(LEFT($A6,LEN($A6)-2),'TH_CMI GRADE 10'!$B$7:$B$49,0))="P")+ --(INDEX('TH_CMI GRADE 10'!$I$7:$I$49,MATCH(LEFT($A6,LEN($A6)-2),'TH_CMI GRADE 10'!$B$7:$B$49,0))="P")+ --(INDEX('TH_CMI GRADE 10'!$O$7:$O$49,MATCH(LEFT($A6,LEN($A6)-2),'TH_CMI GRADE 10'!$B$7:$B$49,0))="P")+ --(INDEX('TH_CMI GRADE 10'!$U$7:$U$49,MATCH(LEFT($A6,LEN($A6)-2),'TH_CMI GRADE 10'!$B$7:$B$49,0))="P")+ --(INDEX('TH_CMI GRADE 10'!$AA$7:$AA$49,MATCH(LEFT($A6,LEN($A6)-2),'TH_CMI GRADE 10'!$B$7:$B$49,0))="P")+ --(INDEX('TH_CMI GRADE 10'!$AG$7:$AG$49,MATCH(LEFT($A6,LEN($A6)-2),'TH_CMI GRADE 10'!$B$7:$B$49,0))="P")+ --(INDEX('TH_CMI GRADE 10'!$AM$7:$AM$49,MATCH(LEFT($A6,LEN($A6)-2),'TH_CMI GRADE 10'!$B$7:$B$49,0))="P"), 0) -> 2 | D6: =IF(IF(_xlfn.XLOOKUP(LEFT(A6,LEN(A6)-2),'TH_CMI GRADE 10'!$B$7:$B$49,'TH_CMI GRADE 10'!$AS$7:$AS$49,"",0,1)=0,"",_xlfn.XLOOKUP(LEFT(A6,LEN(A6)-2),'TH_CMI GRADE 10'!$B$7:$B$49,'TH_CMI GRADE 10'!$AS$7:$AS$49,"",0,1))<=TODAY(),TRUE,FALSE) -> TRUE | E6: =IFERROR(IF(AND(D6=TRUE(),C6/B6<=1),C6/B6,IF(AND(D6=TRUE(),C6/B6>1),1,"")),0) -> 1 | F6: 2.1.3.A | G6: 2 | H6: =IFERROR( --(INDEX('PW_CMI GRADE 10'!$C$7:$C$31,MATCH(LEFT($A6,LEN($A6)-2),'PW_CMI GRADE 10'!$B$7:$B$31,0))="P")+ --(INDEX('PW_CMI GRADE 10'!$I$7:$I$31,MATCH(LEFT($A6,LEN($A6)-2),'PW_CMI GRADE 10'!$B$7:$B$31,0))="P")+ --(INDEX('PW_CMI GRADE 10'!$O$7:$O$31,MATCH(LEFT($A6,LEN($A6)-2),'PW_CMI GRADE 10'!$B$7:$B$31,0))="P")+ --(INDEX('PW_CMI GRADE 10'!$U$7:$U$31,MATCH(LEFT($A6,LEN($A6)-2),'PW_CMI GRADE 10'!$B$7:$B$31,0))="P")+ --(INDEX('PW_CMI GRADE 10'!$AA$7:$AA$31,MATCH(LEFT($A6,LEN($A6)-2),'PW_CMI GRADE 10'!$B$7:$B$31,0))="P")+ --(INDEX('PW_CMI GRADE 10'!$AG$7:$AG$31,MATCH(LEFT($A6,LEN($A6)-2),'PW_CMI GRADE 10'!$B$7:$B$31,0))="P")+ --(INDEX('PW_CMI GRADE 10'!$AM$7:$AM$31,MATCH(LEFT($A6,LEN($A6)-2),'PW_CMI GRADE 10'!$B$7:$B$31,0))="P"), 0) -> 0 | I6: =IF(IF(_xlfn.XLOOKUP(LEFT($A6,LEN($A6)-2),'PW_CMI GRADE 10'!$B$7:$B$31,'PW_CMI GRADE 10'!$AS$7:$AS$31,"",0,1)=0,"",_xlfn.XLOOKUP(LEFT($A6,LEN($A6)-2),'PW_CMI GRADE 10'!$B$7:$B$31,'PW_CMI GRADE 10'!$AS$7:$AS$31,"",0,1))<=TODAY(),TRUE,FALSE) -> FALSE | J6: =IFERROR(IF(AND(I6=TRUE(),H6/G6<=1),H6/G6,IF(AND(I6=TRUE(),H6/G6>1),1,"")),0)
A7: 2.1.4.A | B7: 2 | C7: =IFERROR( --(INDEX('TH_CMI GRADE 10'!$C$7:$C$49,MATCH(LEFT($A7,LEN($A7)-2),'TH_CMI GRADE 10'!$B$7:$B$49,0))="P")+ --(INDEX('TH_CMI GRADE 10'!$I$7:$I$49,MATCH(LEFT($A7,LEN($A7)-2),'TH_CMI GRADE 10'!$B$7:$B$49,0))="P")+ --(INDEX('TH_CMI GRADE 10'!$O$7:$O$49,MATCH(LEFT($A7,LEN($A7)-2),'TH_CMI GRADE 10'!$B$7:$B$49,0))="P")+ --(INDEX('TH_CMI GRADE 10'!$U$7:$U$49,MATCH(LEFT($A7,LEN($A7)-2),'TH_CMI GRADE 10'!$B$7:$B$49,0))="P")+ --(INDEX('TH_CMI GRADE 10'!$AA$7:$AA$49,MATCH(LEFT($A7,LEN($A7)-2),'TH_CMI GRADE 10'!$B$7:$B$49,0))="P")+ --(INDEX('TH_CMI GRADE 10'!$AG$7:$AG$49,MATCH(LEFT($A7,LEN($A7)-2),'TH_CMI GRADE 10'!$B$7:$B$49,0))="P")+ --(INDEX('TH_CMI GRADE 10'!$AM$7:$AM$49,MATCH(LEFT($A7,LEN($A7)-2),'TH_CMI GRADE 10'!$B$7:$B$49,0))="P"), 0) -> 2 | D7: =IF(IF(_xlfn.XLOOKUP(LEFT(A7,LEN(A7)-2),'TH_CMI GRADE 10'!$B$7:$B$49,'TH_CMI GRADE 10'!$AS$7:$AS$49,"",0,1)=0,"",_xlfn.XLOOKUP(LEFT(A7,LEN(A7)-2),'TH_CMI GRADE 10'!$B$7:$B$49,'TH_CMI GRADE 10'!$AS$7:$AS$49,"",0,1))<=TODAY(),TRUE,FALSE) -> TRUE | E7: =IFERROR(IF(AND(D7=TRUE(),C7/B7<=1),C7/B7,IF(AND(D7=TRUE(),C7/B7>1),1,"")),0) -> 1 | F7: 2.1.4.A | G7: 2 | H7: =IFERROR( --(INDEX('PW_CMI GRADE 10'!$C$7:$C$31,MATCH(LEFT($A7,LEN($A7)-2),'PW_CMI GRADE 10'!$B$7:$B$31,0))="P")+ --(INDEX('PW_CMI GRADE 10'!$I$7:$I$31,MATCH(LEFT($A7,LEN($A7)-2),'PW_CMI GRADE 10'!$B$7:$B$31,0))="P")+ --(INDEX('PW_CMI GRADE 10'!$O$7:$O$31,MATCH(LEFT($A7,LEN($A7)-2),'PW_CMI GRADE 10'!$B$7:$B$31,0))="P")+ --(INDEX('PW_CMI GRADE 10'!$U$7:$U$31,MATCH(LEFT($A7,LEN($A7)-2),'PW_CMI GRADE 10'!$B$7:$B$31,0))="P")+ --(INDEX('PW_CMI GRADE 10'!$AA$7:$AA$31,MATCH(LEFT($A7,LEN($A7)-2),'PW_CMI GRADE 10'!$B$7:$B$31,0))="P")+ --(INDEX('PW_CMI GRADE 10'!$AG$7:$AG$31,MATCH(LEFT($A7,LEN($A7)-2),'PW_CMI GRADE 10'!$B$7:$B$31,0))="P")+ --(INDEX('PW_CMI GRADE 10'!$AM$7:$AM$31,MATCH(LEFT($A7,LEN($A7)-2),'PW_CMI GRADE 10'!$B$7:$B$31,0))="P"), 0) -> 2 | I7: =IF(IF(_xlfn.XLOOKUP(LEFT($A7,LEN($A7)-2),'PW_CMI GRADE 10'!$B$7:$B$31,'PW_CMI GRADE 10'!$AS$7:$AS$31,"",0,1)=0,"",_xlfn.XLOOKUP(LEFT($A7,LEN($A7)-2),'PW_CMI GRADE 10'!$B$7:$B$31,'PW_CMI GRADE 10'!$AS$7:$AS$31,"",0,1))<=TODAY(),TRUE,FALSE) -> TRUE | J7: =IFERROR(IF(AND(I7=TRUE(),H7/G7<=1),H7/G7,IF(AND(I7=TRUE(),H7/G7>1),1,"")),0) -> 1
A8: 2.1.5.A | B8: 2 | C8: =IFERROR( --(INDEX('TH_CMI GRADE 10'!$C$7:$C$49,MATCH(LEFT($A8,LEN($A8)-2),'TH_CMI GRADE 10'!$B$7:$B$49,0))="P")+ --(INDEX('TH_CMI GRADE 10'!$I$7:$I$49,MATCH(LEFT($A8,LEN($A8)-2),'TH_CMI GRADE 10'!$B$7:$B$49,0))="P")+ --(INDEX('TH_CMI GRADE 10'!$O$7:$O$49,MATCH(LEFT($A8,LEN($A8)-2),'TH_CMI GRADE 10'!$B$7:$B$49,0))="P")+ --(INDEX('TH_CMI GRADE 10'!$U$7:$U$49,MATCH(LEFT($A8,LEN($A8)-2),'TH_CMI GRADE 10'!$B$7:$B$49,0))="P")+ --(INDEX('TH_CMI GRADE 10'!$AA$7:$AA$49,MATCH(LEFT($A8,LEN($A8)-2),'TH_CMI GRADE 10'!$B$7:$B$49,0))="P")+ --(INDEX('TH_CMI GRADE 10'!$AG$7:$AG$49,MATCH(LEFT($A8,LEN($A8)-2),'TH_CMI GRADE 10'!$B$7:$B$49,0))="P")+ --(INDEX('TH_CMI GRADE 10'!$AM$7:$AM$49,MATCH(LEFT($A8,LEN($A8)-2),'TH_CMI GRADE 10'!$B$7:$B$49,0))="P"), 0) -> 2 | D8: =IF(IF(_xlfn.XLOOKUP(LEFT(A8,LEN(A8)-2),'TH_CMI GRADE 10'!$B$7:$B$49,'TH_CMI GRADE 10'!$AS$7:$AS$49,"",0,1)=0,"",_xlfn.XLOOKUP(LEFT(A8,LEN(A8)-2),'TH_CMI GRADE 10'!$B$7:$B$49,'TH_CMI GRADE 10'!$AS$7:$AS$49,"",0,1))<=TODAY(),TRUE,FALSE) -> TRUE | E8: =IFERROR(IF(AND(D8=TRUE(),C8/B8<=1),C8/B8,IF(AND(D8=TRUE(),C8/B8>1),1,"")),0) -> 1 | F8: 2.1.5.A | G8: 2 | H8: =IFERROR( --(INDEX('PW_CMI GRADE 10'!$C$7:$C$31,MATCH(LEFT($A8,LEN($A8)-2),'PW_CMI GRADE 10'!$B$7:$B$31,0))="P")+ --(INDEX('PW_CMI GRADE 10'!$I$7:$I$31,MATCH(LEFT($A8,LEN($A8)-2),'PW_CMI GRADE 10'!$B$7:$B$31,0))="P")+ --(INDEX('PW_CMI GRADE 10'!$O$7:$O$31,MATCH(LEFT($A8,LEN($A8)-2),'PW_CMI GRADE 10'!$B$7:$B$31,0))="P")+ --(INDEX('PW_CMI GRADE 10'!$U$7:$U$31,MATCH(LEFT($A8,LEN($A8)-2),'PW_CMI GRADE 10'!$B$7:$B$31,0))="P")+ --(INDEX('PW_CMI GRADE 10'!$AA$7:$AA$31,MATCH(LEFT($A8,LEN($A8)-2),'PW_CMI GRADE 10'!$B$7:$B$31,0))="P")+ --(INDEX('PW_CMI GRADE 10'!$AG$7:$AG$31,MATCH(LEFT($A8,LEN($A8)-2),'PW_CMI GRADE 10'!$B$7:$B$31,0))="P")+ --(INDEX('PW_CMI GRADE 10'!$AM$7:$AM$31,MATCH(LEFT($A8,LEN($A8)-2),'PW_CMI GRADE 10'!$B$7:$B$31,0))="P"), 0) -> 2 | I8: =IF(IF(_xlfn.XLOOKUP(LEFT($A8,LEN($A8)-2),'PW_CMI GRADE 10'!$B$7:$B$31,'PW_CMI GRADE 10'!$AS$7:$AS$31,"",0,1)=0,"",_xlfn.XLOOKUP(LEFT($A8,LEN($A8)-2),'PW_CMI GRADE 10'!$B$7:$B$31,'PW_CMI GRADE 10'!$AS$7:$AS$31,"",0,1))<=TODAY(),TRUE,FALSE) -> TRUE | J8: =IFERROR(IF(AND(I8=TRUE(),H8/G8<=1),H8/G8,IF(AND(I8=TRUE(),H8/G8>1),1,"")),0) -> 1
A9: 2.1.6.A | B9: 2 | C9: =IFERROR( --(INDEX('TH_CMI GRADE 10'!$C$7:$C$49,MATCH(LEFT($A9,LEN($A9)-2),'TH_CMI GRADE 10'!$B$7:$B$49,0))="P")+ --(INDEX('TH_CMI GRADE 10'!$I$7:$I$49,MATCH(LEFT($A9,LEN($A9)-2),'TH_CMI GRADE 10'!$B$7:$B$49,0))="P")+ --(INDEX('TH_CMI GRADE 10'!$O$7:$O$49,MATCH(LEFT($A9,LEN($A9)-2),'TH_CMI GRADE 10'!$B$7:$B$49,0))="P")+ --(INDEX('TH_CMI GRADE 10'!$U$7:$U$49,MATCH(LEFT($A9,LEN($A9)-2),'TH_CMI GRADE 10'!$B$7:$B$49,0))="P")+ --(INDEX('TH_CMI GRADE 10'!$AA$7:$AA$49,MATCH(LEFT($A9,LEN($A9)-2),'TH_CMI GRADE 10'!$B$7:$B$49,0))="P")+ --(INDEX('TH_CMI GRADE 10'!$AG$7:$AG$49,MATCH(LEFT($A9,LEN($A9)-2),'TH_CMI GRADE 10'!$B$7:$B$49,0))="P")+ --(INDEX('TH_CMI GRADE 10'!$AM$7:$AM$49,MATCH(LEFT($A9,LEN($A9)-2),'TH_CMI GRADE 10'!$B$7:$B$49,0))="P"), 0) -> 2 | D9: =IF(IF(_xlfn.XLOOKUP(LEFT(A9,LEN(A9)-2),'TH_CMI GRADE 10'!$B$7:$B$49,'TH_CMI GRADE 10'!$AS$7:$AS$49,"",0,1)=0,"",_xlfn.XLOOKUP(LEFT(A9,LEN(A9)-2),'TH_CMI GRADE 10'!$B$7:$B$49,'TH_CMI GRADE 10'!$AS$7:$AS$49,"",0,1))<=TODAY(),TRUE,FALSE) -> TRUE | E9: =IFERROR(IF(AND(D9=TRUE(),C9/B9<=1),C9/B9,IF(AND(D9=TRUE(),C9/B9>1),1,"")),0) -> 1 | F9: 2.1.6.A | G9: 2 | H9: =IFERROR( --(INDEX('PW_CMI GRADE 10'!$C$7:$C$31,MATCH(LEFT($A9,LEN($A9)-2),'PW_CMI GRADE 10'!$B$7:$B$31,0))="P")+ --(INDEX('PW_CMI GRADE 10'!$I$7:$I$31,MATCH(LEFT($A9,LEN($A9)-2),'PW_CMI GRADE 10'!$B$7:$B$31,0))="P")+ --(INDEX('PW_CMI GRADE 10'!$O$7:$O$31,MATCH(LEFT($A9,LEN($A9)-2),'PW_CMI GRADE 10'!$B$7:$B$31,0))="P")+ --(INDEX('PW_CMI GRADE 10'!$U$7:$U$31,MATCH(LEFT($A9,LEN($A9)-2),'PW_CMI GRADE 10'!$B$7:$B$31,0))="P")+ --(INDEX('PW_CMI GRADE 10'!$AA$7:$AA$31,MATCH(LEFT($A9,LEN($A9)-2),'PW_CMI GRADE 10'!$B$7:$B$31,0))="P")+ --(INDEX('PW_CMI GRADE 10'!$AG$7:$AG$31,MATCH(LEFT($A9,LEN($A9)-2),'PW_CMI GRADE 10'!$B$7:$B$31,0))="P")+ --(INDEX('PW_CMI GRADE 10'!$AM$7:$AM$31,MATCH(LEFT($A9,LEN($A9)-2),'PW_CMI GRADE 10'!$B$7:$B$31,0))="P"), 0) -> 0 | I9: =IF(IF(_xlfn.XLOOKUP(LEFT($A9,LEN($A9)-2),'PW_CMI GRADE 10'!$B$7:$B$31,'PW_CMI GRADE 10'!$AS$7:$AS$31,"",0,1)=0,"",_xlfn.XLOOKUP(LEFT($A9,LEN($A9)-2),'PW_CMI GRADE 10'!$B$7:$B$31,'PW_CMI GRADE 10'!$AS$7:$AS$31,"",0,1))<=TODAY(),TRUE,FALSE) -> FALSE | J9: =IFERROR(IF(AND(I9=TRUE(),H9/G9<=1),H9/G9,IF(AND(I9=TRUE(),H9/G9>1),1,"")),0)
A10: 2.2.1.A | B10: 2 | C10: =IFERROR( --(INDEX('TH_CMI GRADE 10'!$C$7:$C$49,MATCH(LEFT($A10,LEN($A10)-2),'TH_CMI GRADE 10'!$B$7:$B$49,0))="P")+ --(INDEX('TH_CMI GRADE 10'!$I$7:$I$49,MATCH(LEFT($A10,LEN($A10)-2),'TH_CMI GRADE 10'!$B$7:$B$49,0))="P")+ --(INDEX('TH_CMI GRADE 10'!$O$7:$O$49,MATCH(LEFT($A10,LEN($A10)-2),'TH_CMI GRADE 10'!$B$7:$B$49,0))="P")+ --(INDEX('TH_CMI GRADE 10'!$U$7:$U$49,MATCH(LEFT($A10,LEN($A10)-2),'TH_CMI GRADE 10'!$B$7:$B$49,0))="P")+ --(INDEX('TH_CMI GRADE 10'!$AA$7:$AA$49,MATCH(LEFT($A10,LEN($A10)-2),'TH_CMI GRADE 10'!$B$7:$B$49,0))="P")+ --(INDEX('TH_CMI GRADE 10'!$AG$7:$AG$49,MATCH(LEFT($A10,LEN($A10)-2),'TH_CMI GRADE 10'!$B$7:$B$49,0))="P")+ --(INDEX('TH_CMI GRADE 10'!$AM$7:$AM$49,MATCH(LEFT($A10,LEN($A10)-2),'TH_CMI GRADE 10'!$B$7:$B$49,0))="P"), 0) -> 2 | D10: =IF(IF(_xlfn.XLOOKUP(LEFT(A10,LEN(A10)-2),'TH_CMI GRADE 10'!$B$7:$B$49,'TH_CMI GRADE 10'!$AS$7:$AS$49,"",0,1)=0,"",_xlfn.XLOOKUP(LEFT(A10,LEN(A10)-2),'TH_CMI GRADE 10'!$B$7:$B$49,'TH_CMI GRADE 10'!$AS$7:$AS$49,"",0,1))<=TODAY(),TRUE,FALSE) -> TRUE | E10: =IFERROR(IF(AND(D10=TRUE(),C10/B10<=1),C10/B10,IF(AND(D10=TRUE(),C10/B10>1),1,"")),0) -> 1 | F10: 2.2.1.A | G10: 2 | H10: =IFERROR( --(INDEX('PW_CMI GRADE 10'!$C$7:$C$31,MATCH(LEFT($A10,LEN($A10)-2),'PW_CMI GRADE 10'!$B$7:$B$31,0))="P")+ --(INDEX('PW_CMI GRADE 10'!$I$7:$I$31,MATCH(LEFT($A10,LEN($A10)-2),'PW_CMI GRADE 10'!$B$7:$B$31,0))="P")+ --(INDEX('PW_CMI GRADE 10'!$O$7:$O$31,MATCH(LEFT($A10,LEN($A10)-2),'PW_CMI GRADE 10'!$B$7:$B$31,0))="P")+ --(INDEX('PW_CMI GRADE 10'!$U$7:$U$31,MATCH(LEFT($A10,LEN($A10)-2),'PW_CMI GRADE 10'!$B$7:$B$31,0))="P")+ --(INDEX('PW_CMI GRADE 10'!$AA$7:$AA$31,MATCH(LEFT($A10,LEN($A10)-2),'PW_CMI GRADE 10'!$B$7:$B$31,0))="P")+ --(INDEX('PW_CMI GRADE 10'!$AG$7:$AG$31,MATCH(LEFT($A10,LEN($A10)-2),'PW_CMI GRADE 10'!$B$7:$B$31,0))="P")+ --(INDEX('PW_CMI GRADE 10'!$AM$7:$AM$31,MATCH(LEFT($A10,LEN($A10)-2),'PW_CMI GRADE 10'!$B$7:$B$31,0))="P"), 0) -> 0 | I10: =IF(IF(_xlfn.XLOOKUP(LEFT($A10,LEN($A10)-2),'PW_CMI GRADE 10'!$B$7:$B$31,'PW_CMI GRADE 10'!$AS$7:$AS$31,"",0,1)=0,"",_xlfn.XLOOKUP(LEFT($A10,LEN($A10)-2),'PW_CMI GRADE 10'!$B$7:$B$31,'PW_CMI GRADE 10'!$AS$7:$AS$31,"",0,1))<=TODAY(),TRUE,FALSE) -> FALSE | J10: =IFERROR(IF(AND(I10=TRUE(),H10/G10<=1),H10/G10,IF(AND(I10=TRUE(),H10/G10>1),1,"")),0)
A11: 2.3.1.A | B11: 2 | C11: =IFERROR( --(INDEX('TH_CMI GRADE 10'!$C$7:$C$49,MATCH(LEFT($A11,LEN($A11)-2),'TH_CMI GRADE 10'!$B$7:$B$49,0))="P")+ --(INDEX('TH_CMI GRADE 10'!$I$7:$I$49,MATCH(LEFT($A11,LEN($A11)-2),'TH_CMI GRADE 10'!$B$7:$B$49,0))="P")+ --(INDEX('TH_CMI GRADE 10'!$O$7:$O$49,MATCH(LEFT($A11,LEN($A11)-2),'TH_CMI GRADE 10'!$B$7:$B$49,0))="P")+ --(INDEX('TH_CMI GRADE 10'!$U$7:$U$49,MATCH(LEFT($A11,LEN($A11)-2),'TH_CMI GRADE 10'!$B$7:$B$49,0))="P")+ --(INDEX('TH_CMI GRADE 10'!$AA$7:$AA$49,MATCH(LEFT($A11,LEN($A11)-2),'TH_CMI GRADE 10'!$B$7:$B$49,0))="P")+ --(INDEX('TH_CMI GRADE 10'!$AG$7:$AG$49,MATCH(LEFT($A11,LEN($A11)-2),'TH_CMI GRADE 10'!$B$7:$B$49,0))="P")+ --(INDEX('TH_CMI GRADE 10'!$AM$7:$AM$49,MATCH(LEFT($A11,LEN($A11)-2),'TH_CMI GRADE 10'!$B$7:$B$49,0))="P"), 0) -> 2 | D11: =IF(IF(_xlfn.XLOOKUP(LEFT(A11,LEN(A11)-2),'TH_CMI GRADE 10'!$B$7:$B$49,'TH_CMI GRADE 10'!$AS$7:$AS$49,"",0,1)=0,"",_xlfn.XLOOKUP(LEFT(A11,LEN(A11)-2),'TH_CMI GRADE 10'!$B$7:$B$49,'TH_CMI GRADE 10'!$AS$7:$AS$49,"",0,1))<=TODAY(),TRUE,FALSE) -> TRUE | E11: =IFERROR(IF(AND(D11=TRUE(),C11/B11<=1),C11/B11,IF(AND(D11=TRUE(),C11/B11>1),1,"")),0) -> 1 | F11: 2.3.1.A | G11: 2 | H11: =IFERROR( --(INDEX('PW_CMI GRADE 10'!$C$7:$C$31,MATCH(LEFT($A11,LEN($A11)-2),'PW_CMI GRADE 10'!$B$7:$B$31,0))="P")+ --(INDEX('PW_CMI GRADE 10'!$I$7:$I$31,MATCH(LEFT($A11,LEN($A11)-2),'PW_CMI GRADE 10'!$B$7:$B$31,0))="P")+ --(INDEX('PW_CMI GRADE 10'!$O$7:$O$31,MATCH(LEFT($A11,LEN($A11)-2),'PW_CMI GRADE 10'!$B$7:$B$31,0))="P")+ --(INDEX('PW_CMI GRADE 10'!$U$7:$U$31,MATCH(LEFT($A11,LEN($A11)-2),'PW_CMI GRADE 10'!$B$7:$B$31,0))="P")+ --(INDEX('PW_CMI GRADE 10'!$AA$7:$AA$31,MATCH(LEFT($A11,LEN($A11)-2),'PW_CMI GRADE 10'!$B$7:$B$31,0))="P")+ --(INDEX('PW_CMI GRADE 10'!$AG$7:$AG$31,MATCH(LEFT($A11,LEN($A11)-2),'PW_CMI GRADE 10'!$B$7:$B$31,0))="P")+ --(INDEX('PW_CMI GRADE 10'!$AM$7:$AM$31,MATCH(LEFT($A11,LEN($A11)-2),'PW_CMI GRADE 10'!$B$7:$B$31,0))="P"), 0) -> 0 | I11: =IF(IF(_xlfn.XLOOKUP(LEFT($A11,LEN($A11)-2),'PW_CMI GRADE 10'!$B$7:$B$31,'PW_CMI GRADE 10'!$AS$7:$AS$31,"",0,1)=0,"",_xlfn.XLOOKUP(LEFT($A11,LEN($A11)-2),'PW_CMI GRADE 10'!$B$7:$B$31,'PW_CMI GRADE 10'!$AS$7:$AS$31,"",0,1))<=TODAY(),TRUE,FALSE) -> FALSE | J11: =IFERROR(IF(AND(I11=TRUE(),H11/G11<=1),H11/G11,IF(AND(I11=TRUE(),H11/G11>1),1,"")),0)
A12: 2.3.2.A | B12: 2 | C12: =IFERROR( --(INDEX('TH_CMI GRADE 10'!$C$7:$C$49,MATCH(LEFT($A12,LEN($A12)-2),'TH_CMI GRADE 10'!$B$7:$B$49,0))="P")+ --(INDEX('TH_CMI GRADE 10'!$I$7:$I$49,MATCH(LEFT($A12,LEN($A12)-2),'TH_CMI GRADE 10'!$B$7:$B$49,0))="P")+ --(INDEX('TH_CMI GRADE 10'!$O$7:$O$49,MATCH(LEFT($A12,LEN($A12)-2),'TH_CMI GRADE 10'!$B$7:$B$49,0))="P")+ --(INDEX('TH_CMI GRADE 10'!$U$7:$U$49,MATCH(LEFT($A12,LEN($A12)-2),'TH_CMI GRADE 10'!$B$7:$B$49,0))="P")+ --(INDEX('TH_CMI GRADE 10'!$AA$7:$AA$49,MATCH(LEFT($A12,LEN($A12)-2),'TH_CMI GRADE 10'!$B$7:$B$49,0))="P")+ --(INDEX('TH_CMI GRADE 10'!$AG$7:$AG$49,MATCH(LEFT($A12,LEN($A12)-2),'TH_CMI GRADE 10'!$B$7:$B$49,0))="P")+ --(INDEX('TH_CMI GRADE 10'!$AM$7:$AM$49,MATCH(LEFT($A12,LEN($A12)-2),'TH_CMI GRADE 10'!$B$7:$B$49,0))="P"), 0) -> 2 | D12: =IF(IF(_xlfn.XLOOKUP(LEFT(A12,LEN(A12)-2),'TH_CMI GRADE 10'!$B$7:$B$49,'TH_CMI GRADE 10'!$AS$7:$AS$49,"",0,1)=0,"",_xlfn.XLOOKUP(LEFT(A12,LEN(A12)-2),'TH_CMI GRADE 10'!$B$7:$B$49,'TH_CMI GRADE 10'!$AS$7:$AS$49,"",0,1))<=TODAY(),TRUE,FALSE) -> TRUE | E12: =IFERROR(IF(AND(D12=TRUE(),C12/B12<=1),C12/B12,IF(AND(D12=TRUE(),C12/B12>1),1,"")),0) -> 1 | F12: 2.3.2.A | G12: 2 | H12: =IFERROR( --(INDEX('PW_CMI GRADE 10'!$C$7:$C$31,MATCH(LEFT($A12,LEN($A12)-2),'PW_CMI GRADE 10'!$B$7:$B$31,0))="P")+ --(INDEX('PW_CMI GRADE 10'!$I$7:$I$31,MATCH(LEFT($A12,LEN($A12)-2),'PW_CMI GRADE 10'!$B$7:$B$31,0))="P")+ --(INDEX('PW_CMI GRADE 10'!$O$7:$O$31,MATCH(LEFT($A12,LEN($A12)-2),'PW_CMI GRADE 10'!$B$7:$B$31,0))="P")+ --(INDEX('PW_CMI GRADE 10'!$U$7:$U$31,MATCH(LEFT($A12,LEN($A12)-2),'PW_CMI GRADE 10'!$B$7:$B$31,0))="P")+ --(INDEX('PW_CMI GRADE 10'!$AA$7:$AA$31,MATCH(LEFT($A12,LEN($A12)-2),'PW_CMI GRADE 10'!$B$7:$B$31,0))="P")+ --(INDEX('PW_CMI GRADE 10'!$AG$7:$AG$31,MATCH(LEFT($A12,LEN($A12)-2),'PW_CMI GRADE 10'!$B$7:$B$31,0))="P")+ --(INDEX('PW_CMI GRADE 10'!$AM$7:$AM$31,MATCH(LEFT($A12,LEN($A12)-2),'PW_CMI GRADE 10'!$B$7:$B$31,0))="P"), 0) -> 0 | I12: =IF(IF(_xlfn.XLOOKUP(LEFT($A12,LEN($A12)-2),'PW_CMI GRADE 10'!$B$7:$B$31,'PW_CMI GRADE 10'!$AS$7:$AS$31,"",0,1)=0,"",_xlfn.XLOOKUP(LEFT($A12,LEN($A12)-2),'PW_CMI GRADE 10'!$B$7:$B$31,'PW_CMI GRADE 10'!$AS$7:$AS$31,"",0,1))<=TODAY(),TRUE,FALSE) -> FALSE | J12: =IFERROR(IF(AND(I12=TRUE(),H12/G12<=1),H12/G12,IF(AND(I12=TRUE(),H12/G12>1),1,"")),0)
A13: 2.3.3.A | B13: 2 | C13: =IFERROR( --(INDEX('TH_CMI GRADE 10'!$C$7:$C$49,MATCH(LEFT($A13,LEN($A13)-2),'TH_CMI GRADE 10'!$B$7:$B$49,0))="P")+ --(INDEX('TH_CMI GRADE 10'!$I$7:$I$49,MATCH(LEFT($A13,LEN($A13)-2),'TH_CMI GRADE 10'!$B$7:$B$49,0))="P")+ --(INDEX('TH_CMI GRADE 10'!$O$7:$O$49,MATCH(LEFT($A13,LEN($A13)-2),'TH_CMI GRADE 10'!$B$7:$B$49,0))="P")+ --(INDEX('TH_CMI GRADE 10'!$U$7:$U$49,MATCH(LEFT($A13,LEN($A13)-2),'TH_CMI GRADE 10'!$B$7:$B$49,0))="P")+ --(INDEX('TH_CMI GRADE 10'!$AA$7:$AA$49,MATCH(LEFT($A13,LEN($A13)-2),'TH_CMI GRADE 10'!$B$7:$B$49,0))="P")+ --(INDEX('TH_CMI GRADE 10'!$AG$7:$AG$49,MATCH(LEFT($A13,LEN($A13)-2),'TH_CMI GRADE 10'!$B$7:$B$49,0))="P")+ --(INDEX('TH_CMI GRADE 10'!$AM$7:$AM$49,MATCH(LEFT($A13,LEN($A13)-2),'TH_CMI GRADE 10'!$B$7:$B$49,0))="P"), 0) -> 2 | D13: =IF(IF(_xlfn.XLOOKUP(LEFT(A13,LEN(A13)-2),'TH_CMI GRADE 10'!$B$7:$B$49,'TH_CMI GRADE 10'!$AS$7:$AS$49,"",0,1)=0,"",_xlfn.XLOOKUP(LEFT(A13,LEN(A13)-2),'TH_CMI GRADE 10'!$B$7:$B$49,'TH_CMI GRADE 10'!$AS$7:$AS$49,"",0,1))<=TODAY(),TRUE,FALSE) -> TRUE | E13: =IFERROR(IF(AND(D13=TRUE(),C13/B13<=1),C13/B13,IF(AND(D13=TRUE(),C13/B13>1),1,"")),0) -> 1 | F13: 2.3.3.A | G13: 2 | H13: =IFERROR( --(INDEX('PW_CMI GRADE 10'!$C$7:$C$31,MATCH(LEFT($A13,LEN($A13)-2),'PW_CMI GRADE 10'!$B$7:$B$31,0))="P")+ --(INDEX('PW_CMI GRADE 10'!$I$7:$I$31,MATCH(LEFT($A13,LEN($A13)-2),'PW_CMI GRADE 10'!$B$7:$B$31,0))="P")+ --(INDEX('PW_CMI GRADE 10'!$O$7:$O$31,MATCH(LEFT($A13,LEN($A13)-2),'PW_CMI GRADE 10'!$B$7:$B$31,0))="P")+ --(INDEX('PW_CMI GRADE 10'!$U$7:$U$31,MATCH(LEFT($A13,LEN($A13)-2),'PW_CMI GRADE 10'!$B$7:$B$31,0))="P")+ --(INDEX('PW_CMI GRADE 10'!$AA$7:$AA$31,MATCH(LEFT($A13,LEN($A13)-2),'PW_CMI GRADE 10'!$B$7:$B$31,0))="P")+ --(INDEX('PW_CMI GRADE 10'!$AG$7:$AG$31,MATCH(LEFT($A13,LEN($A13)-2),'PW_CMI GRADE 10'!$B$7:$B$31,0))="P")+ --(INDEX('PW_CMI GRADE 10'!$AM$7:$AM$31,MATCH(LEFT($A13,LEN($A13)-2),'PW_CMI GRADE 10'!$B$7:$B$31,0))="P"), 0) -> 0 | I13: =IF(IF(_xlfn.XLOOKUP(LEFT($A13,LEN($A13)-2),'PW_CMI GRADE 10'!$B$7:$B$31,'PW_CMI GRADE 10'!$AS$7:$AS$31,"",0,1)=0,"",_xlfn.XLOOKUP(LEFT($A13,LEN($A13)-2),'PW_CMI GRADE 10'!$B$7:$B$31,'PW_CMI GRADE 10'!$AS$7:$AS$31,"",0,1))<=TODAY(),TRUE,FALSE) -> FALSE | J13: =IFERROR(IF(AND(I13=TRUE(),H13/G13<=1),H13/G13,IF(AND(I13=TRUE(),H13/G13>1),1,"")),0)
A14: 2.3.4.A | B14: 2 | C14: =IFERROR( --(INDEX('TH_CMI GRADE 10'!$C$7:$C$49,MATCH(LEFT($A14,LEN($A14)-2),'TH_CMI GRADE 10'!$B$7:$B$49,0))="P")+ --(INDEX('TH_CMI GRADE 10'!$I$7:$I$49,MATCH(LEFT($A14,LEN($A14)-2),'TH_CMI GRADE 10'!$B$7:$B$49,0))="P")+ --(INDEX('TH_CMI GRADE 10'!$O$7:$O$49,MATCH(LEFT($A14,LEN($A14)-2),'TH_CMI GRADE 10'!$B$7:$B$49,0))="P")+ --(INDEX('TH_CMI GRADE 10'!$U$7:$U$49,MATCH(LEFT($A14,LEN($A14)-2),'TH_CMI GRADE 10'!$B$7:$B$49,0))="P")+ --(INDEX('TH_CMI GRADE 10'!$AA$7:$AA$49,MATCH(LEFT($A14,LEN($A14)-2),'TH_CMI GRADE 10'!$B$7:$B$49,0))="P")+ --(INDEX('TH_CMI GRADE 10'!$AG$7:$AG$49,MATCH(LEFT($A14,LEN($A14)-2),'TH_CMI GRADE 10'!$B$7:$B$49,0))="P")+ --(INDEX('TH_CMI GRADE 10'!$AM$7:$AM$49,MATCH(LEFT($A14,LEN($A14)-2),'TH_CMI GRADE 10'!$B$7:$B$49,0))="P"), 0) -> 2 | D14: =IF(IF(_xlfn.XLOOKUP(LEFT(A14,LEN(A14)-2),'TH_CMI GRADE 10'!$B$7:$B$49,'TH_CMI GRADE 10'!$AS$7:$AS$49,"",0,1)=0,"",_xlfn.XLOOKUP(LEFT(A14,LEN(A14)-2),'TH_CMI GRADE 10'!$B$7:$B$49,'TH_CMI GRADE 10'!$AS$7:$AS$49,"",0,1))<=TODAY(),TRUE,FALSE) -> TRUE | E14: =IFERROR(IF(AND(D14=TRUE(),C14/B14<=1),C14/B14,IF(AND(D14=TRUE(),C14/B14>1),1,"")),0) -> 1 | F14: 2.3.4.A | G14: 2 | H14: =IFERROR( --(INDEX('PW_CMI GRADE 10'!$C$7:$C$31,MATCH(LEFT($A14,LEN($A14)-2),'PW_CMI GRADE 10'!$B$7:$B$31,0))="P")+ --(INDEX('PW_CMI GRADE 10'!$I$7:$I$31,MATCH(LEFT($A14,LEN($A14)-2),'PW_CMI GRADE 10'!$B$7:$B$31,0))="P")+ --(INDEX('PW_CMI GRADE 10'!$O$7:$O$31,MATCH(LEFT($A14,LEN($A14)-2),'PW_CMI GRADE 10'!$B$7:$B$31,0))="P")+ --(INDEX('PW_CMI GRADE 10'!$U$7:$U$31,MATCH(LEFT($A14,LEN($A14)-2),'PW_CMI GRADE 10'!$B$7:$B$31,0))="P")+ --(INDEX('PW_CMI GRADE 10'!$AA$7:$AA$31,MATCH(LEFT($A14,LEN($A14)-2),'PW_CMI GRADE 10'!$B$7:$B$31,0))="P")+ --(INDEX('PW_CMI GRADE 10'!$AG$7:$AG$31,MATCH(LEFT($A14,LEN($A14)-2),'PW_CMI GRADE 10'!$B$7:$B$31,0))="P")+ --(INDEX('PW_CMI GRADE 10'!$AM$7:$AM$31,MATCH(LEFT($A14,LEN($A14)-2),'PW_CMI GRADE 10'!$B$7:$B$31,0))="P"), 0) -> 0 | I14: =IF(IF(_xlfn.XLOOKUP(LEFT($A14,LEN($A14)-2),'PW_CMI GRADE 10'!$B$7:$B$31,'PW_CMI GRADE 10'!$AS$7:$AS$31,"",0,1)=0,"",_xlfn.XLOOKUP(LEFT($A14,LEN($A14)-2),'PW_CMI GRADE 10'!$B$7:$B$31,'PW_CMI GRADE 10'!$AS$7:$AS$31,"",0,1))<=TODAY(),TRUE,FALSE) -> FALSE | J14: =IFERROR(IF(AND(I14=TRUE(),H14/G14<=1),H14/G14,IF(AND(I14=TRUE(),H14/G14>1),1,"")),0)
A15: 2.4.1.A | B15: 2 | C15: =IFERROR( --(INDEX('TH_CMI GRADE 10'!$C$7:$C$49,MATCH(LEFT($A15,LEN($A15)-2),'TH_CMI GRADE 10'!$B$7:$B$49,0))="P")+ --(INDEX('TH_CMI GRADE 10'!$I$7:$I$49,MATCH(LEFT($A15,LEN($A15)-2),'TH_CMI GRADE 10'!$B$7:$B$49,0))="P")+ --(INDEX('TH_CMI GRADE 10'!$O$7:$O$49,MATCH(LEFT($A15,LEN($A15)-2),'TH_CMI GRADE 10'!$B$7:$B$49,0))="P")+ --(INDEX('TH_CMI GRADE 10'!$U$7:$U$49,MATCH(LEFT($A15,LEN($A15)-2),'TH_CMI GRADE 10'!$B$7:$B$49,0))="P")+ --(INDEX('TH_CMI GRADE 10'!$AA$7:$AA$49,MATCH(LEFT($A15,LEN($A15)-2),'TH_CMI GRADE 10'!$B$7:$B$49,0))="P")+ --(INDEX('TH_CMI GRADE 10'!$AG$7:$AG$49,MATCH(LEFT($A15,LEN($A15)-2),'TH_CMI GRADE 10'!$B$7:$B$49,0))="P")+ --(INDEX('TH_CMI GRADE 10'!$AM$7:$AM$49,MATCH(LEFT($A15,LEN($A15)-2),'TH_CMI GRADE 10'!$B$7:$B$49,0))="P"), 0) -> 2 | D15: =IF(IF(_xlfn.XLOOKUP(LEFT(A15,LEN(A15)-2),'TH_CMI GRADE 10'!$B$7:$B$49,'TH_CMI GRADE 10'!$AS$7:$AS$49,"",0,1)=0,"",_xlfn.XLOOKUP(LEFT(A15,LEN(A15)-2),'TH_CMI GRADE 10'!$B$7:$B$49,'TH_CMI GRADE 10'!$AS$7:$AS$49,"",0,1))<=TODAY(),TRUE,FALSE) -> TRUE | E15: =IFERROR(IF(AND(D15=TRUE(),C15/B15<=1),C15/B15,IF(AND(D15=TRUE(),C15/B15>1),1,"")),0) -> 1 | F15: 2.4.1.A | G15: 2 | H15: =IFERROR( --(INDEX('PW_CMI GRADE 10'!$C$7:$C$31,MATCH(LEFT($A15,LEN($A15)-2),'PW_CMI GRADE 10'!$B$7:$B$31,0))="P")+ --(INDEX('PW_CMI GRADE 10'!$I$7:$I$31,MATCH(LEFT($A15,LEN($A15)-2),'PW_CMI GRADE 10'!$B$7:$B$31,0))="P")+ --(INDEX('PW_CMI GRADE 10'!$O$7:$O$31,MATCH(LEFT($A15,LEN($A15)-2),'PW_CMI GRADE 10'!$B$7:$B$31,0))="P")+ --(INDEX('PW_CMI GRADE 10'!$U$7:$U$31,MATCH(LEFT($A15,LEN($A15)-2),'PW_CMI GRADE 10'!$B$7:$B$31,0))="P")+ --(INDEX('PW_CMI GRADE 10'!$AA$7:$AA$31,MATCH(LEFT($A15,LEN($A15)-2),'PW_CMI GRADE 10'!$B$7:$B$31,0))="P")+ --(INDEX('PW_CMI GRADE 10'!$AG$7:$AG$31,MATCH(LEFT($A15,LEN($A15)-2),'PW_CMI GRADE 10'!$B$7:$B$31,0))="P")+ --(INDEX('PW_CMI GRADE 10'!$AM$7:$AM$31,MATCH(LEFT($A15,LEN($A15)-2),'PW_CMI GRADE 10'!$B$7:$B$31,0))="P"), 0) -> 0 | I15: =IF(IF(_xlfn.XLOOKUP(LEFT($A15,LEN($A15)-2),'PW_CMI GRADE 10'!$B$7:$B$31,'PW_CMI GRADE 10'!$AS$7:$AS$31,"",0,1)=0,"",_xlfn.XLOOKUP(LEFT($A15,LEN($A15)-2),'PW_CMI GRADE 10'!$B$7:$B$31,'PW_CMI GRADE 10'!$AS$7:$AS$31,"",0,1))<=TODAY(),TRUE,FALSE) -> FALSE | J15: =IFERROR(IF(AND(I15=TRUE(),H15/G15<=1),H15/G15,IF(AND(I15=TRUE(),H15/G15>1),1,"")),0)
... A47: 7A.1.6.A | B47: 2 | C47: =IFERROR( --(INDEX('TH_CMI GRADE 10'!$C$7:$C$49,MATCH(LEFT($A47,LEN($A47)-2),'TH_CMI GRADE 10'!$B$7:$B$49,0))="P")+ --(INDEX('TH_CMI GRADE 10'!$I$7:$I$49,MATCH(LEFT($A47,LEN($A47)-2),'TH_CMI GRADE 10'!$B$7:$B$49,0))="P")+ --(INDEX('TH_CMI GRADE 10'!$O$7:$O$49,MATCH(LEFT($A47,LEN($A47)-2),'TH_CMI GRADE 10'!$B$7:$B$49,0))="P")+ --(INDEX('TH_CMI GRADE 10'!$U$7:$U$49,MATCH(LEFT($A47,LEN($A47)-2),'TH_CMI GRADE 10'!$B$7:$B$49,0))="P")+ --(INDEX('TH_CMI GRADE 10'!$AA$7:$AA$49,MATCH(LEFT($A47,LEN($A47)-2),'TH_CMI GRADE 10'!$B$7:$B$49,0))="P")+ --(INDEX('TH_CMI GRADE 10'!$AG$7:$AG$49,MATCH(LEFT($A47,LEN($A47)-2),'TH_CMI GRADE 10'!$B$7:$B$49,0))="P")+ --(INDEX('TH_CMI GRADE 10'!$AM$7:$AM$49,MATCH(LEFT($A47,LEN($A47)-2),'TH_CMI GRADE 10'!$B$7:$B$49,0))="P"), 0) -> 3 | D47: =IF(IF(_xlfn.XLOOKUP(LEFT(A47,LEN(A47)-2),'TH_CMI GRADE 10'!$B$7:$B$49,'TH_CMI GRADE 10'!$AS$7:$AS$49,"",0,1)=0,"",_xlfn.XLOOKUP(LEFT(A47,LEN(A47)-2),'TH_CMI GRADE 10'!$B$7:$B$49,'TH_CMI GRADE 10'!$AS$7:$AS$49,"",0,1))<=TODAY(),TRUE,FALSE) -> TRUE | E47: =IFERROR(IF(AND(D47=TRUE(),C47/B47<=1),C47/B47,IF(AND(D47=TRUE(),C47/B47>1),1,"")),0) -> 1 | F47: 7A.1.6.A | G47: 2 | H47: =IFERROR( --(INDEX('PW_CMI GRADE 10'!$C$7:$C$31,MATCH(LEFT($A47,LEN($A47)-2),'PW_CMI GRADE 10'!$B$7:$B$31,0))="P")+ --(INDEX('PW_CMI GRADE 10'!$I$7:$I$31,MATCH(LEFT($A47,LEN($A47)-2),'PW_CMI GRADE 10'!$B$7:$B$31,0))="P")+ --(INDEX('PW_CMI GRADE 10'!$O$7:$O$31,MATCH(LEFT($A47,LEN($A47)-2),'PW_CMI GRADE 10'!$B$7:$B$31,0))="P")+ --(INDEX('PW_CMI GRADE 10'!$U$7:$U$31,MATCH(LEFT($A47,LEN($A47)-2),'PW_CMI GRADE 10'!$B$7:$B$31,0))="P")+ --(INDEX('PW_CMI GRADE 10'!$AA$7:$AA$31,MATCH(LEFT($A47,LEN($A47)-2),'PW_CMI GRADE 10'!$B$7:$B$31,0))="P")+ --(INDEX('PW_CMI GRADE 10'!$AG$7:$AG$31,MATCH(LEFT($A47,LEN($A47)-2),'PW_CMI GRADE 10'!$B$7:$B$31,0))="P")+ --(INDEX('PW_CMI GRADE 10'!$AM$7:$AM$31,MATCH(LEFT($A47,LEN($A47)-2),'PW_CMI GRADE 10'!$B$7:$B$31,0))="P"), 0) -> 0 | I47: =IF(IF(_xlfn.XLOOKUP(LEFT($A47,LEN($A47)-2),'PW_CMI GRADE 10'!$B$7:$B$31,'PW_CMI GRADE 10'!$AS$7:$AS$31,"",0,1)=0,"",_xlfn.XLOOKUP(LEFT($A47,LEN($A47)-2),'PW_CMI GRADE 10'!$B$7:$B$31,'PW_CMI GRADE 10'!$AS$7:$AS$31,"",0,1))<=TODAY(),TRUE,FALSE) -> FALSE | J47: =IFERROR(IF(AND(I47=TRUE(),H47/G47<=1),H47/G47,IF(AND(I47=TRUE(),H47/G47>1),1,"")),0)
A48: 1.1.1.B | B48: 2 | C48: =IFERROR( --(INDEX('TH_CMI GRADE 10'!$D$7:$D$49,MATCH(LEFT($A48,LEN($A48)-2),'TH_CMI GRADE 10'!$B$7:$B$49,0))="P")+ --(INDEX('TH_CMI GRADE 10'!$J$7:$J$49,MATCH(LEFT($A48,LEN($A48)-2),'TH_CMI GRADE 10'!$B$7:$B$49,0))="P")+ --(INDEX('TH_CMI GRADE 10'!$P$7:$P$49,MATCH(LEFT($A48,LEN($A48)-2),'TH_CMI GRADE 10'!$B$7:$B$49,0))="P")+ --(INDEX('TH_CMI GRADE 10'!$V$7:$V$49,MATCH(LEFT($A48,LEN($A48)-2),'TH_CMI GRADE 10'!$B$7:$B$49,0))="P")+ --(INDEX('TH_CMI GRADE 10'!$AB$7:$AB$49,MATCH(LEFT($A48,LEN($A48)-2),'TH_CMI GRADE 10'!$B$7:$B$49,0))="P")+ --(INDEX('TH_CMI GRADE 10'!$AH$7:$AH$49,MATCH(LEFT($A48,LEN($A48)-2),'TH_CMI GRADE 10'!$B$7:$B$49,0))="P")+ --(INDEX('TH_CMI GRADE 10'!$AN$7:$AN$49,MATCH(LEFT($A48,LEN($A48)-2),'TH_CMI GRADE 10'!$B$7:$B$49,0))="P"), 0) -> 2 | D48: =IF(IF(_xlfn.XLOOKUP(LEFT($A48,LEN($A48)-2),'TH_CMI GRADE 10'!$B$7:$B$49,'TH_CMI GRADE 10'!$AT$7:$AT$49,"",0,1)=0,"",_xlfn.XLOOKUP(LEFT($A48,LEN($A48)-2),'TH_CMI GRADE 10'!$B$7:$B$49,'TH_CMI GRADE 10'!$AT$7:$AT$49,"",0,1))<=TODAY(),TRUE,FALSE) -> TRUE | E48: =IFERROR(IF(AND(D48=TRUE(),C48/B48<=1),C48/B48,IF(AND(D48=TRUE(),C48/B48>1),1,"")),0) -> 1 | F48: 1.1.1.B | G48: 2 | H48: =IFERROR( --(INDEX('PW_CMI GRADE 10'!$D$7:$D$31,MATCH(LEFT($A48,LEN($A48)-2),'PW_CMI GRADE 10'!$B$7:$B$31,0))="P")+ --(INDEX('PW_CMI GRADE 10'!$J$7:$J$31,MATCH(LEFT($A48,LEN($A48)-2),'PW_CMI GRADE 10'!$B$7:$B$31,0))="P")+ --(INDEX('PW_CMI GRADE 10'!$P$7:$P$31,MATCH(LEFT($A48,LEN($A48)-2),'PW_CMI GRADE 10'!$B$7:$B$31,0))="P")+ --(INDEX('PW_CMI GRADE 10'!$V$7:$V$31,MATCH(LEFT($A48,LEN($A48)-2),'PW_CMI GRADE 10'!$B$7:$B$31,0))="P")+ --(INDEX('PW_CMI GRADE 10'!$AB$7:$AB$31,MATCH(LEFT($A48,LEN($A48)-2),'PW_CMI GRADE 10'!$B$7:$B$31,0))="P")+ --(INDEX('PW_CMI GRADE 10'!$AH$7:$AH$31,MATCH(LEFT($A48,LEN($A48)-2),'PW_CMI GRADE 10'!$B$7:$B$31,0))="P")+ --(INDEX('PW_CMI GRADE 10'!$AN$7:$AN$31,MATCH(LEFT($A48,LEN($A48)-2),'PW_CMI GRADE 10'!$B$7:$B$31,0))="P"), 0) -> 0 | I48: =IF(IF(_xlfn.XLOOKUP(LEFT($A48,LEN($A48)-2),'PW_CMI GRADE 10'!$B$7:$B$31,'PW_CMI GRADE 10'!$AT$7:$AT$31,"",0,1)=0,"",_xlfn.XLOOKUP(LEFT($A48,LEN($A48)-2),'PW_CMI GRADE 10'!$B$7:$B$31,'PW_CMI GRADE 10'!$AT$7:$AT$31,"",0,1))<=TODAY(),TRUE,FALSE) -> FALSE | J48: =IFERROR(IF(AND(I48=TRUE(),H48/G48<=1),H48/G48,IF(AND(I48=TRUE(),H48/G48>1),1,"")),0)
A49: 2.1.1.B | B49: 2 | C49: =IFERROR( --(INDEX('TH_CMI GRADE 10'!$D$7:$D$49,MATCH(LEFT($A49,LEN($A49)-2),'TH_CMI GRADE 10'!$B$7:$B$49,0))="P")+ --(INDEX('TH_CMI GRADE 10'!$J$7:$J$49,MATCH(LEFT($A49,LEN($A49)-2),'TH_CMI GRADE 10'!$B$7:$B$49,0))="P")+ --(INDEX('TH_CMI GRADE 10'!$P$7:$P$49,MATCH(LEFT($A49,LEN($A49)-2),'TH_CMI GRADE 10'!$B$7:$B$49,0))="P")+ --(INDEX('TH_CMI GRADE 10'!$V$7:$V$49,MATCH(LEFT($A49,LEN($A49)-2),'TH_CMI GRADE 10'!$B$7:$B$49,0))="P")+ --(INDEX('TH_CMI GRADE 10'!$AB$7:$AB$49,MATCH(LEFT($A49,LEN($A49)-2),'TH_CMI GRADE 10'!$B$7:$B$49,0))="P")+ --(INDEX('TH_CMI GRADE 10'!$AH$7:$AH$49,MATCH(LEFT($A49,LEN($A49)-2),'TH_CMI GRADE 10'!$B$7:$B$49,0))="P")+ --(INDEX('TH_CMI GRADE 10'!$AN$7:$AN$49,MATCH(LEFT($A49,LEN($A49)-2),'TH_CMI GRADE 10'!$B$7:$B$49,0))="P"), 0) -> 2 | D49: =IF(IF(_xlfn.XLOOKUP(LEFT(A49,LEN(A49)-2),'TH_CMI GRADE 10'!$B$7:$B$49,'TH_CMI GRADE 10'!$AT$7:$AT$49,"",0,1)=0,"",_xlfn.XLOOKUP(LEFT(A49,LEN(A49)-2),'TH_CMI GRADE 10'!$B$7:$B$49,'TH_CMI GRADE 10'!$AT$7:$AT$49,"",0,1))<=TODAY(),TRUE,FALSE) -> TRUE | E49: =IFERROR(IF(AND(D49=TRUE(),C49/B49<=1),C49/B49,IF(AND(D49=TRUE(),C49/B49>1),1,"")),0) -> 1 | F49: 2.1.1.B | G49: 2 | H49: =IFERROR( --(INDEX('PW_CMI GRADE 10'!$D$7:$D$31,MATCH(LEFT($A49,LEN($A49)-2),'PW_CMI GRADE 10'!$B$7:$B$31,0))="P")+ --(INDEX('PW_CMI GRADE 10'!$J$7:$J$31,MATCH(LEFT($A49,LEN($A49)-2),'PW_CMI GRADE 10'!$B$7:$B$31,0))="P")+ --(INDEX('PW_CMI GRADE 10'!$P$7:$P$31,MATCH(LEFT($A49,LEN($A49)-2),'PW_CMI GRADE 10'!$B$7:$B$31,0))="P")+ --(INDEX('PW_CMI GRADE 10'!$V$7:$V$31,MATCH(LEFT($A49,LEN($A49)-2),'PW_CMI GRADE 10'!$B$7:$B$31,0))="P")+ --(INDEX('PW_CMI GRADE 10'!$AB$7:$AB$31,MATCH(LEFT($A49,LEN($A49)-2),'PW_CMI GRADE 10'!$B$7:$B$31,0))="P")+ --(INDEX('PW_CMI GRADE 10'!$AH$7:$AH$31,MATCH(LEFT($A49,LEN($A49)-2),'PW_CMI GRADE 10'!$B$7:$B$31,0))="P")+ --(INDEX('PW_CMI GRADE 10'!$AN$7:$AN$31,MATCH(LEFT($A49,LEN($A49)-2),'PW_CMI GRADE 10'!$B$7:$B$31,0))="P"), 0) -> 0 | I49: =IF(IF(_xlfn.XLOOKUP(LEFT($A49,LEN($A49)-2),'PW_CMI GRADE 10'!$B$7:$B$31,'PW_CMI GRADE 10'!$AT$7:$AT$31,"",0,1)=0,"",_xlfn.XLOOKUP(LEFT($A49,LEN($A49)-2),'PW_CMI GRADE 10'!$B$7:$B$31,'PW_CMI GRADE 10'!$AT$7:$AT$31,"",0,1))<=TODAY(),TRUE,FALSE) -> FALSE | J49: =IFERROR(IF(AND(I49=TRUE(),H49/G49<=1),H49/G49,IF(AND(I49=TRUE(),H49/G49>1),1,"")),0)
A50: 2.1.2.B | B50: 2 | C50: =IFERROR( --(INDEX('TH_CMI GRADE 10'!$D$7:$D$49,MATCH(LEFT($A50,LEN($A50)-2),'TH_CMI GRADE 10'!$B$7:$B$49,0))="P")+ --(INDEX('TH_CMI GRADE 10'!$J$7:$J$49,MATCH(LEFT($A50,LEN($A50)-2),'TH_CMI GRADE 10'!$B$7:$B$49,0))="P")+ --(INDEX('TH_CMI GRADE 10'!$P$7:$P$49,MATCH(LEFT($A50,LEN($A50)-2),'TH_CMI GRADE 10'!$B$7:$B$49,0))="P")+ --(INDEX('TH_CMI GRADE 10'!$V$7:$V$49,MATCH(LEFT($A50,LEN($A50)-2),'TH_CMI GRADE 10'!$B$7:$B$49,0))="P")+ --(INDEX('TH_CMI GRADE 10'!$AB$7:$AB$49,MATCH(LEFT($A50,LEN($A50)-2),'TH_CMI GRADE 10'!$B$7:$B$49,0))="P")+ --(INDEX('TH_CMI GRADE 10'!$AH$7:$AH$49,MATCH(LEFT($A50,LEN($A50)-2),'TH_CMI GRADE 10'!$B$7:$B$49,0))="P")+ --(INDEX('TH_CMI GRADE 10'!$AN$7:$AN$49,MATCH(LEFT($A50,LEN($A50)-2),'TH_CMI GRADE 10'!$B$7:$B$49,0))="P"), 0) -> 2 | D50: =IF(IF(_xlfn.XLOOKUP(LEFT(A50,LEN(A50)-2),'TH_CMI GRADE 10'!$B$7:$B$49,'TH_CMI GRADE 10'!$AT$7:$AT$49,"",0,1)=0,"",_xlfn.XLOOKUP(LEFT(A50,LEN(A50)-2),'TH_CMI GRADE 10'!$B$7:$B$49,'TH_CMI GRADE 10'!$AT$7:$AT$49,"",0,1))<=TODAY(),TRUE,FALSE) -> TRUE | E50: =IFERROR(IF(AND(D50=TRUE(),C50/B50<=1),C50/B50,IF(AND(D50=TRUE(),C50/B50>1),1,"")),0) -> 1 | F50: 2.1.2.B | G50: 2 | H50: =IFERROR( --(INDEX('PW_CMI GRADE 10'!$D$7:$D$31,MATCH(LEFT($A50,LEN($A50)-2),'PW_CMI GRADE 10'!$B$7:$B$31,0))="P")+ --(INDEX('PW_CMI GRADE 10'!$J$7:$J$31,MATCH(LEFT($A50,LEN($A50)-2),'PW_CMI GRADE 10'!$B$7:$B$31,0))="P")+ --(INDEX('PW_CMI GRADE 10'!$P$7:$P$31,MATCH(LEFT($A50,LEN($A50)-2),'PW_CMI GRADE 10'!$B$7:$B$31,0))="P")+ --(INDEX('PW_CMI GRADE 10'!$V$7:$V$31,MATCH(LEFT($A50,LEN($A50)-2),'PW_CMI GRADE 10'!$B$7:$B$31,0))="P")+ --(INDEX('PW_CMI GRADE 10'!$AB$7:$AB$31,MATCH(LEFT($A50,LEN($A50)-2),'PW_CMI GRADE 10'!$B$7:$B$31,0))="P")+ --(INDEX('PW_CMI GRADE 10'!$AH$7:$AH$31,MATCH(LEFT($A50,LEN($A50)-2),'PW_CMI GRADE 10'!$B$7:$B$31,0))="P")+ --(INDEX('PW_CMI GRADE 10'!$AN$7:$AN$31,MATCH(LEFT($A50,LEN($A50)-2),'PW_CMI GRADE 10'!$B$7:$B$31,0))="P"), 0) -> 0 | I50: =IF(IF(_xlfn.XLOOKUP(LEFT($A50,LEN($A50)-2),'PW_CMI GRADE 10'!$B$7:$B$31,'PW_CMI GRADE 10'!$AT$7:$AT$31,"",0,1)=0,"",_xlfn.XLOOKUP(LEFT($A50,LEN($A50)-2),'PW_CMI GRADE 10'!$B$7:$B$31,'PW_CMI GRADE 10'!$AT$7:$AT$31,"",0,1))<=TODAY(),TRUE,FALSE) -> FALSE | J50: =IFERROR(IF(AND(I50=TRUE(),H50/G50<=1),H50/G50,IF(AND(I50=TRUE(),H50/G50>1),1,"")),0)
A51: 2.1.3.B | B51: 2 | C51: =IFERROR( --(INDEX('TH_CMI GRADE 10'!$D$7:$D$49,MATCH(LEFT($A51,LEN($A51)-2),'TH_CMI GRADE 10'!$B$7:$B$49,0))="P")+ --(INDEX('TH_CMI GRADE 10'!$J$7:$J$49,MATCH(LEFT($A51,LEN($A51)-2),'TH_CMI GRADE 10'!$B$7:$B$49,0))="P")+ --(INDEX('TH_CMI GRADE 10'!$P$7:$P$49,MATCH(LEFT($A51,LEN($A51)-2),'TH_CMI GRADE 10'!$B$7:$B$49,0))="P")+ --(INDEX('TH_CMI GRADE 10'!$V$7:$V$49,MATCH(LEFT($A51,LEN($A51)-2),'TH_CMI GRADE 10'!$B$7:$B$49,0))="P")+ --(INDEX('TH_CMI GRADE 10'!$AB$7:$AB$49,MATCH(LEFT($A51,LEN($A51)-2),'TH_CMI GRADE 10'!$B$7:$B$49,0))="P")+ --(INDEX('TH_CMI GRADE 10'!$AH$7:$AH$49,MATCH(LEFT($A51,LEN($A51)-2),'TH_CMI GRADE 10'!$B$7:$B$49,0))="P")+ --(INDEX('TH_CMI GRADE 10'!$AN$7:$AN$49,MATCH(LEFT($A51,LEN($A51)-2),'TH_CMI GRADE 10'!$B$7:$B$49,0))="P"), 0) -> 2 | D51: =IF(IF(_xlfn.XLOOKUP(LEFT(A51,LEN(A51)-2),'TH_CMI GRADE 10'!$B$7:$B$49,'TH_CMI GRADE 10'!$AT$7:$AT$49,"",0,1)=0,"",_xlfn.XLOOKUP(LEFT(A51,LEN(A51)-2),'TH_CMI GRADE 10'!$B$7:$B$49,'TH_CMI GRADE 10'!$AT$7:$AT$49,"",0,1))<=TODAY(),TRUE,FALSE) -> TRUE | E51: =IFERROR(IF(AND(D51=TRUE(),C51/B51<=1),C51/B51,IF(AND(D51=TRUE(),C51/B51>1),1,"")),0) -> 1 | F51: 2.1.3.B | G51: 2 | H51: =IFERROR( --(INDEX('PW_CMI GRADE 10'!$D$7:$D$31,MATCH(LEFT($A51,LEN($A51)-2),'PW_CMI GRADE 10'!$B$7:$B$31,0))="P")+ --(INDEX('PW_CMI GRADE 10'!$J$7:$J$31,MATCH(LEFT($A51,LEN($A51)-2),'PW_CMI GRADE 10'!$B$7:$B$31,0))="P")+ --(INDEX('PW_CMI GRADE 10'!$P$7:$P$31,MATCH(LEFT($A51,LEN($A51)-2),'PW_CMI GRADE 10'!$B$7:$B$31,0))="P")+ --(INDEX('PW_CMI GRADE 10'!$V$7:$V$31,MATCH(LEFT($A51,LEN($A51)-2),'PW_CMI GRADE 10'!$B$7:$B$31,0))="P")+ --(INDEX('PW_CMI GRADE 10'!$AB$7:$AB$31,MATCH(LEFT($A51,LEN($A51)-2),'PW_CMI GRADE 10'!$B$7:$B$31,0))="P")+ --(INDEX('PW_CMI GRADE 10'!$AH$7:$AH$31,MATCH(LEFT($A51,LEN($A51)-2),'PW_CMI GRADE 10'!$B$7:$B$31,0))="P")+ --(INDEX('PW_CMI GRADE 10'!$AN$7:$AN$31,MATCH(LEFT($A51,LEN($A51)-2),'PW_CMI GRADE 10'!$B$7:$B$31,0))="P"), 0) -> 0 | I51: =IF(IF(_xlfn.XLOOKUP(LEFT($A51,LEN($A51)-2),'PW_CMI GRADE 10'!$B$7:$B$31,'PW_CMI GRADE 10'!$AT$7:$AT$31,"",0,1)=0,"",_xlfn.XLOOKUP(LEFT($A51,LEN($A51)-2),'PW_CMI GRADE 10'!$B$7:$B$31,'PW_CMI GRADE 10'!$AT$7:$AT$31,"",0,1))<=TODAY(),TRUE,FALSE) -> FALSE | J51: =IFERROR(IF(AND(I51=TRUE(),H51/G51<=1),H51/G51,IF(AND(I51=TRUE(),H51/G51>1),1,"")),0)
A52: 2.1.4.B | B52: 2 | C52: =IFERROR( --(INDEX('TH_CMI GRADE 10'!$D$7:$D$49,MATCH(LEFT($A52,LEN($A52)-2),'TH_CMI GRADE 10'!$B$7:$B$49,0))="P")+ --(INDEX('TH_CMI GRADE 10'!$J$7:$J$49,MATCH(LEFT($A52,LEN($A52)-2),'TH_CMI GRADE 10'!$B$7:$B$49,0))="P")+ --(INDEX('TH_CMI GRADE 10'!$P$7:$P$49,MATCH(LEFT($A52,LEN($A52)-2),'TH_CMI GRADE 10'!$B$7:$B$49,0))="P")+ --(INDEX('TH_CMI GRADE 10'!$V$7:$V$49,MATCH(LEFT($A52,LEN($A52)-2),'TH_CMI GRADE 10'!$B$7:$B$49,0))="P")+ --(INDEX('TH_CMI GRADE 10'!$AB$7:$AB$49,MATCH(LEFT($A52,LEN($A52)-2),'TH_CMI GRADE 10'!$B$7:$B$49,0))="P")+ --(INDEX('TH_CMI GRADE 10'!$AH$7:$AH$49,MATCH(LEFT($A52,LEN($A52)-2),'TH_CMI GRADE 10'!$B$7:$B$49,0))="P")+ --(INDEX('TH_CMI GRADE 10'!$AN$7:$AN$49,MATCH(LEFT($A52,LEN($A52)-2),'TH_CMI GRADE 10'!$B$7:$B$49,0))="P"), 0) -> 2 | D52: =IF(IF(_xlfn.XLOOKUP(LEFT(A52,LEN(A52)-2),'TH_CMI GRADE 10'!$B$7:$B$49,'TH_CMI GRADE 10'!$AT$7:$AT$49,"",0,1)=0,"",_xlfn.XLOOKUP(LEFT(A52,LEN(A52)-2),'TH_CMI GRADE 10'!$B$7:$B$49,'TH_CMI GRADE 10'!$AT$7:$AT$49,"",0,1))<=TODAY(),TRUE,FALSE) -> TRUE | E52: =IFERROR(IF(AND(D52=TRUE(),C52/B52<=1),C52/B52,IF(AND(D52=TRUE(),C52/B52>1),1,"")),0) -> 1 | F52: 2.1.4.B | G52: 2 | H52: =IFERROR( --(INDEX('PW_CMI GRADE 10'!$D$7:$D$31,MATCH(LEFT($A52,LEN($A52)-2),'PW_CMI GRADE 10'!$B$7:$B$31,0))="P")+ --(INDEX('PW_CMI GRADE 10'!$J$7:$J$31,MATCH(LEFT($A52,LEN($A52)-2),'PW_CMI GRADE 10'!$B$7:$B$31,0))="P")+ --(INDEX('PW_CMI GRADE 10'!$P$7:$P$31,MATCH(LEFT($A52,LEN($A52)-2),'PW_CMI GRADE 10'!$B$7:$B$31,0))="P")+ --(INDEX('PW_CMI GRADE 10'!$V$7:$V$31,MATCH(LEFT($A52,LEN($A52)-2),'PW_CMI GRADE 10'!$B$7:$B$31,0))="P")+ --(INDEX('PW_CMI GRADE 10'!$AB$7:$AB$31,MATCH(LEFT($A52,LEN($A52)-2),'PW_CMI GRADE 10'!$B$7:$B$31,0))="P")+ --(INDEX('PW_CMI GRADE 10'!$AH$7:$AH$31,MATCH(LEFT($A52,LEN($A52)-2),'PW_CMI GRADE 10'!$B$7:$B$31,0))="P")+ --(INDEX('PW_CMI GRADE 10'!$AN$7:$AN$31,MATCH(LEFT($A52,LEN($A52)-2),'PW_CMI GRADE 10'!$B$7:$B$31,0))="P"), 0) -> 2 | I52: =IF(IF(_xlfn.XLOOKUP(LEFT($A52,LEN($A52)-2),'PW_CMI GRADE 10'!$B$7:$B$31,'PW_CMI GRADE 10'!$AT$7:$AT$31,"",0,1)=0,"",_xlfn.XLOOKUP(LEFT($A52,LEN($A52)-2),'PW_CMI GRADE 10'!$B$7:$B$31,'PW_CMI GRADE 10'!$AT$7:$AT$31,"",0,1))<=TODAY(),TRUE,FALSE) -> TRUE | J52: =IFERROR(IF(AND(I52=TRUE(),H52/G52<=1),H52/G52,IF(AND(I52=TRUE(),H52/G52>1),1,"")),0) -> 1
A53: 2.1.5.B | B53: 2 | C53: =IFERROR( --(INDEX('TH_CMI GRADE 10'!$D$7:$D$49,MATCH(LEFT($A53,LEN($A53)-2),'TH_CMI GRADE 10'!$B$7:$B$49,0))="P")+ --(INDEX('TH_CMI GRADE 10'!$J$7:$J$49,MATCH(LEFT($A53,LEN($A53)-2),'TH_CMI GRADE 10'!$B$7:$B$49,0))="P")+ --(INDEX('TH_CMI GRADE 10'!$P$7:$P$49,MATCH(LEFT($A53,LEN($A53)-2),'TH_CMI GRADE 10'!$B$7:$B$49,0))="P")+ --(INDEX('TH_CMI GRADE 10'!$V$7:$V$49,MATCH(LEFT($A53,LEN($A53)-2),'TH_CMI GRADE 10'!$B$7:$B$49,0))="P")+ --(INDEX('TH_CMI GRADE 10'!$AB$7:$AB$49,MATCH(LEFT($A53,LEN($A53)-2),'TH_CMI GRADE 10'!$B$7:$B$49,0))="P")+ --(INDEX('TH_CMI GRADE 10'!$AH$7:$AH$49,MATCH(LEFT($A53,LEN($A53)-2),'TH_CMI GRADE 10'!$B$7:$B$49,0))="P")+ --(INDEX('TH_CMI GRADE 10'!$AN$7:$AN$49,MATCH(LEFT($A53,LEN($A53)-2),'TH_CMI GRADE 10'!$B$7:$B$49,0))="P"), 0) -> 2 | D53: =IF(IF(_xlfn.XLOOKUP(LEFT(A53,LEN(A53)-2),'TH_CMI GRADE 10'!$B$7:$B$49,'TH_CMI GRADE 10'!$AT$7:$AT$49,"",0,1)=0,"",_xlfn.XLOOKUP(LEFT(A53,LEN(A53)-2),'TH_CMI GRADE 10'!$B$7:$B$49,'TH_CMI GRADE 10'!$AT$7:$AT$49,"",0,1))<=TODAY(),TRUE,FALSE) -> TRUE | E53: =IFERROR(IF(AND(D53=TRUE(),C53/B53<=1),C53/B53,IF(AND(D53=TRUE(),C53/B53>1),1,"")),0) -> 1 | F53: 2.1.5.B | G53: 2 | H53: =IFERROR( --(INDEX('PW_CMI GRADE 10'!$D$7:$D$31,MATCH(LEFT($A53,LEN($A53)-2),'PW_CMI GRADE 10'!$B$7:$B$31,0))="P")+ --(INDEX('PW_CMI GRADE 10'!$J$7:$J$31,MATCH(LEFT($A53,LEN($A53)-2),'PW_CMI GRADE 10'!$B$7:$B$31,0))="P")+ --(INDEX('PW_CMI GRADE 10'!$P$7:$P$31,MATCH(LEFT($A53,LEN($A53)-2),'PW_CMI GRADE 10'!$B$7:$B$31,0))="P")+ --(INDEX('PW_CMI GRADE 10'!$V$7:$V$31,MATCH(LEFT($A53,LEN($A53)-2),'PW_CMI GRADE 10'!$B$7:$B$31,0))="P")+ --(INDEX('PW_CMI GRADE 10'!$AB$7:$AB$31,MATCH(LEFT($A53,LEN($A53)-2),'PW_CMI GRADE 10'!$B$7:$B$31,0))="P")+ --(INDEX('PW_CMI GRADE 10'!$AH$7:$AH$31,MATCH(LEFT($A53,LEN($A53)-2),'PW_CMI GRADE 10'!$B$7:$B$31,0))="P")+ --(INDEX('PW_CMI GRADE 10'!$AN$7:$AN$31,MATCH(LEFT($A53,LEN($A53)-2),'PW_CMI GRADE 10'!$B$7:$B$31,0))="P"), 0) -> 2 | I53: =IF(IF(_xlfn.XLOOKUP(LEFT($A53,LEN($A53)-2),'PW_CMI GRADE 10'!$B$7:$B$31,'PW_CMI GRADE 10'!$AT$7:$AT$31,"",0,1)=0,"",_xlfn.XLOOKUP(LEFT($A53,LEN($A53)-2),'PW_CMI GRADE 10'!$B$7:$B$31,'PW_CMI GRADE 10'!$AT$7:$AT$31,"",0,1))<=TODAY(),TRUE,FALSE) -> TRUE | J53: =IFERROR(IF(AND(I53=TRUE(),H53/G53<=1),H53/G53,IF(AND(I53=TRUE(),H53/G53>1),1,"")),0) -> 1
A54: 2.1.6.B | B54: 2 | C54: =IFERROR( --(INDEX('TH_CMI GRADE 10'!$D$7:$D$49,MATCH(LEFT($A54,LEN($A54)-2),'TH_CMI GRADE 10'!$B$7:$B$49,0))="P")+ --(INDEX('TH_CMI GRADE 10'!$J$7:$J$49,MATCH(LEFT($A54,LEN($A54)-2),'TH_CMI GRADE 10'!$B$7:$B$49,0))="P")+ --(INDEX('TH_CMI GRADE 10'!$P$7:$P$49,MATCH(LEFT($A54,LEN($A54)-2),'TH_CMI GRADE 10'!$B$7:$B$49,0))="P")+ --(INDEX('TH_CMI GRADE 10'!$V$7:$V$49,MATCH(LEFT($A54,LEN($A54)-2),'TH_CMI GRADE 10'!$B$7:$B$49,0))="P")+ --(INDEX('TH_CMI GRADE 10'!$AB$7:$AB$49,MATCH(LEFT($A54,LEN($A54)-2),'TH_CMI GRADE 10'!$B$7:$B$49,0))="P")+ --(INDEX('TH_CMI GRADE 10'!$AH$7:$AH$49,MATCH(LEFT($A54,LEN($A54)-2),'TH_CMI GRADE 10'!$B$7:$B$49,0))="P")+ --(INDEX('TH_CMI GRADE 10'!$AN$7:$AN$49,MATCH(LEFT($A54,LEN($A54)-2),'TH_CMI GRADE 10'!$B$7:$B$49,0))="P"), 0) -> 2 | D54: =IF(IF(_xlfn.XLOOKUP(LEFT(A54,LEN(A54)-2),'TH_CMI GRADE 10'!$B$7:$B$49,'TH_CMI GRADE 10'!$AT$7:$AT$49,"",0,1)=0,"",_xlfn.XLOOKUP(LEFT(A54,LEN(A54)-2),'TH_CMI GRADE 10'!$B$7:$B$49,'TH_CMI GRADE 10'!$AT$7:$AT$49,"",0,1))<=TODAY(),TRUE,FALSE) -> TRUE | E54: =IFERROR(IF(AND(D54=TRUE(),C54/B54<=1),C54/B54,IF(AND(D54=TRUE(),C54/B54>1),1,"")),0) -> 1 | F54: 2.1.6.B | G54: 2 | H54: =IFERROR( --(INDEX('PW_CMI GRADE 10'!$D$7:$D$31,MATCH(LEFT($A54,LEN($A54)-2),'PW_CMI GRADE 10'!$B$7:$B$31,0))="P")+ --(INDEX('PW_CMI GRADE 10'!$J$7:$J$31,MATCH(LEFT($A54,LEN($A54)-2),'PW_CMI GRADE 10'!$B$7:$B$31,0))="P")+ --(INDEX('PW_CMI GRADE 10'!$P$7:$P$31,MATCH(LEFT($A54,LEN($A54)-2),'PW_CMI GRADE 10'!$B$7:$B$31,0))="P")+ --(INDEX('PW_CMI GRADE 10'!$V$7:$V$31,MATCH(LEFT($A54,LEN($A54)-2),'PW_CMI GRADE 10'!$B$7:$B$31,0))="P")+ --(INDEX('PW_CMI GRADE 10'!$AB$7:$AB$31,MATCH(LEFT($A54,LEN($A54)-2),'PW_CMI GRADE 10'!$B$7:$B$31,0))="P")+ --(INDEX('PW_CMI GRADE 10'!$AH$7:$AH$31,MATCH(LEFT($A54,LEN($A54)-2),'PW_CMI GRADE 10'!$B$7:$B$31,0))="P")+ --(INDEX('PW_CMI GRADE 10'!$AN$7:$AN$31,MATCH(LEFT($A54,LEN($A54)-2),'PW_CMI GRADE 10'!$B$7:$B$31,0))="P"), 0) -> 0 | I54: =IF(IF(_xlfn.XLOOKUP(LEFT($A54,LEN($A54)-2),'PW_CMI GRADE 10'!$B$7:$B$31,'PW_CMI GRADE 10'!$AT$7:$AT$31,"",0,1)=0,"",_xlfn.XLOOKUP(LEFT($A54,LEN($A54)-2),'PW_CMI GRADE 10'!$B$7:$B$31,'PW_CMI GRADE 10'!$AT$7:$AT$31,"",0,1))<=TODAY(),TRUE,FALSE) -> FALSE | J54: =IFERROR(IF(AND(I54=TRUE(),H54/G54<=1),H54/G54,IF(AND(I54=TRUE(),H54/G54>1),1,"")),0)
A55: 2.2.1.B | B55: 2 | C55: =IFERROR( --(INDEX('TH_CMI GRADE 10'!$D$7:$D$49,MATCH(LEFT($A55,LEN($A55)-2),'TH_CMI GRADE 10'!$B$7:$B$49,0))="P")+ --(INDEX('TH_CMI GRADE 10'!$J$7:$J$49,MATCH(LEFT($A55,LEN($A55)-2),'TH_CMI GRADE 10'!$B$7:$B$49,0))="P")+ --(INDEX('TH_CMI GRADE 10'!$P$7:$P$49,MATCH(LEFT($A55,LEN($A55)-2),'TH_CMI GRADE 10'!$B$7:$B$49,0))="P")+ --(INDEX('TH_CMI GRADE 10'!$V$7:$V$49,MATCH(LEFT($A55,LEN($A55)-2),'TH_CMI GRADE 10'!$B$7:$B$49,0))="P")+ --(INDEX('TH_CMI GRADE 10'!$AB$7:$AB$49,MATCH(LEFT($A55,LEN($A55)-2),'TH_CMI GRADE 10'!$B$7:$B$49,0))="P")+ --(INDEX('TH_CMI GRADE 10'!$AH$7:$AH$49,MATCH(LEFT($A55,LEN($A55)-2),'TH_CMI GRADE 10'!$B$7:$B$49,0))="P")+ --(INDEX('TH_CMI GRADE 10'!$AN$7:$AN$49,MATCH(LEFT($A55,LEN($A55)-2),'TH_CMI GRADE 10'!$B$7:$B$49,0))="P"), 0) -> 2 | D55: =IF(IF(_xlfn.XLOOKUP(LEFT(A55,LEN(A55)-2),'TH_CMI GRADE 10'!$B$7:$B$49,'TH_CMI GRADE 10'!$AT$7:$AT$49,"",0,1)=0,"",_xlfn.XLOOKUP(LEFT(A55,LEN(A55)-2),'TH_CMI GRADE 10'!$B$7:$B$49,'TH_CMI GRADE 10'!$AT$7:$AT$49,"",0,1))<=TODAY(),TRUE,FALSE) -> TRUE | E55: =IFERROR(IF(AND(D55=TRUE(),C55/B55<=1),C55/B55,IF(AND(D55=TRUE(),C55/B55>1),1,"")),0) -> 1 | F55: 2.2.1.B | G55: 2 | H55: =IFERROR( --(INDEX('PW_CMI GRADE 10'!$D$7:$D$31,MATCH(LEFT($A55,LEN($A55)-2),'PW_CMI GRADE 10'!$B$7:$B$31,0))="P")+ --(INDEX('PW_CMI GRADE 10'!$J$7:$J$31,MATCH(LEFT($A55,LEN($A55)-2),'PW_CMI GRADE 10'!$B$7:$B$31,0))="P")+ --(INDEX('PW_CMI GRADE 10'!$P$7:$P$31,MATCH(LEFT($A55,LEN($A55)-2),'PW_CMI GRADE 10'!$B$7:$B$31,0))="P")+ --(INDEX('PW_CMI GRADE 10'!$V$7:$V$31,MATCH(LEFT($A55,LEN($A55)-2),'PW_CMI GRADE 10'!$B$7:$B$31,0))="P")+ --(INDEX('PW_CMI GRADE 10'!$AB$7:$AB$31,MATCH(LEFT($A55,LEN($A55)-2),'PW_CMI GRADE 10'!$B$7:$B$31,0))="P")+ --(INDEX('PW_CMI GRADE 10'!$AH$7:$AH$31,MATCH(LEFT($A55,LEN($A55)-2),'PW_CMI GRADE 10'!$B$7:$B$31,0))="P")+ --(INDEX('PW_CMI GRADE 10'!$AN$7:$AN$31,MATCH(LEFT($A55,LEN($A55)-2),'PW_CMI GRADE 10'!$B$7:$B$31,0))="P"), 0) -> 0 | I55: =IF(IF(_xlfn.XLOOKUP(LEFT($A55,LEN($A55)-2),'PW_CMI GRADE 10'!$B$7:$B$31,'PW_CMI GRADE 10'!$AT$7:$AT$31,"",0,1)=0,"",_xlfn.XLOOKUP(LEFT($A55,LEN($A55)-2),'PW_CMI GRADE 10'!$B$7:$B$31,'PW_CMI GRADE 10'!$AT$7:$AT$31,"",0,1))<=TODAY(),TRUE,FALSE) -> FALSE | J55: =IFERROR(IF(AND(I55=TRUE(),H55/G55<=1),H55/G55,IF(AND(I55=TRUE(),H55/G55>1),1,"")),0)
A56: 2.3.1.B | B56: 2 | C56: =IFERROR( --(INDEX('TH_CMI GRADE 10'!$D$7:$D$49,MATCH(LEFT($A56,LEN($A56)-2),'TH_CMI GRADE 10'!$B$7:$B$49,0))="P")+ --(INDEX('TH_CMI GRADE 10'!$J$7:$J$49,MATCH(LEFT($A56,LEN($A56)-2),'TH_CMI GRADE 10'!$B$7:$B$49,0))="P")+ --(INDEX('TH_CMI GRADE 10'!$P$7:$P$49,MATCH(LEFT($A56,LEN($A56)-2),'TH_CMI GRADE 10'!$B$7:$B$49,0))="P")+ --(INDEX('TH_CMI GRADE 10'!$V$7:$V$49,MATCH(LEFT($A56,LEN($A56)-2),'TH_CMI GRADE 10'!$B$7:$B$49,0))="P")+ --(INDEX('TH_CMI GRADE 10'!$AB$7:$AB$49,MATCH(LEFT($A56,LEN($A56)-2),'TH_CMI GRADE 10'!$B$7:$B$49,0))="P")+ --(INDEX('TH_CMI GRADE 10'!$AH$7:$AH$49,MATCH(LEFT($A56,LEN($A56)-2),'TH_CMI GRADE 10'!$B$7:$B$49,0))="P")+ --(INDEX('TH_CMI GRADE 10'!$AN$7:$AN$49,MATCH(LEFT($A56,LEN($A56)-2),'TH_CMI GRADE 10'!$B$7:$B$49,0))="P"), 0) -> 2 | D56: =IF(IF(_xlfn.XLOOKUP(LEFT(A56,LEN(A56)-2),'TH_CMI GRADE 10'!$B$7:$B$49,'TH_CMI GRADE 10'!$AT$7:$AT$49,"",0,1)=0,"",_xlfn.XLOOKUP(LEFT(A56,LEN(A56)-2),'TH_CMI GRADE 10'!$B$7:$B$49,'TH_CMI GRADE 10'!$AT$7:$AT$49,"",0,1))<=TODAY(),TRUE,FALSE) -> TRUE | E56: =IFERROR(IF(AND(D56=TRUE(),C56/B56<=1),C56/B56,IF(AND(D56=TRUE(),C56/B56>1),1,"")),0) -> 1 | F56: 2.3.1.B | G56: 2 | H56: =IFERROR( --(INDEX('PW_CMI GRADE 10'!$D$7:$D$31,MATCH(LEFT($A56,LEN($A56)-2),'PW_CMI GRADE 10'!$B$7:$B$31,0))="P")+ --(INDEX('PW_CMI GRADE 10'!$J$7:$J$31,MATCH(LEFT($A56,LEN($A56)-2),'PW_CMI GRADE 10'!$B$7:$B$31,0))="P")+ --(INDEX('PW_CMI GRADE 10'!$P$7:$P$31,MATCH(LEFT($A56,LEN($A56)-2),'PW_CMI GRADE 10'!$B$7:$B$31,0))="P")+ --(INDEX('PW_CMI GRADE 10'!$V$7:$V$31,MATCH(LEFT($A56,LEN($A56)-2),'PW_CMI GRADE 10'!$B$7:$B$31,0))="P")+ --(INDEX('PW_CMI GRADE 10'!$AB$7:$AB$31,MATCH(LEFT($A56,LEN($A56)-2),'PW_CMI GRADE 10'!$B$7:$B$31,0))="P")+ --(INDEX('PW_CMI GRADE 10'!$AH$7:$AH$31,MATCH(LEFT($A56,LEN($A56)-2),'PW_CMI GRADE 10'!$B$7:$B$31,0))="P")+ --(INDEX('PW_CMI GRADE 10'!$AN$7:$AN$31,MATCH(LEFT($A56,LEN($A56)-2),'PW_CMI GRADE 10'!$B$7:$B$31,0))="P"), 0) -> 0 | I56: =IF(IF(_xlfn.XLOOKUP(LEFT($A56,LEN($A56)-2),'PW_CMI GRADE 10'!$B$7:$B$31,'PW_CMI GRADE 10'!$AT$7:$AT$31,"",0,1)=0,"",_xlfn.XLOOKUP(LEFT($A56,LEN($A56)-2),'PW_CMI GRADE 10'!$B$7:$B$31,'PW_CMI GRADE 10'!$AT$7:$AT$31,"",0,1))<=TODAY(),TRUE,FALSE) -> FALSE | J56: =IFERROR(IF(AND(I56=TRUE(),H56/G56<=1),H56/G56,IF(AND(I56=TRUE(),H56/G56>1),1,"")),0)
A57: 2.3.2.B | B57: 2 | C57: =IFERROR( --(INDEX('TH_CMI GRADE 10'!$D$7:$D$49,MATCH(LEFT($A57,LEN($A57)-2),'TH_CMI GRADE 10'!$B$7:$B$49,0))="P")+ --(INDEX('TH_CMI GRADE 10'!$J$7:$J$49,MATCH(LEFT($A57,LEN($A57)-2),'TH_CMI GRADE 10'!$B$7:$B$49,0))="P")+ --(INDEX('TH_CMI GRADE 10'!$P$7:$P$49,MATCH(LEFT($A57,LEN($A57)-2),'TH_CMI GRADE 10'!$B$7:$B$49,0))="P")+ --(INDEX('TH_CMI GRADE 10'!$V$7:$V$49,MATCH(LEFT($A57,LEN($A57)-2),'TH_CMI GRADE 10'!$B$7:$B$49,0))="P")+ --(INDEX('TH_CMI GRADE 10'!$AB$7:$AB$49,MATCH(LEFT($A57,LEN($A57)-2),'TH_CMI GRADE 10'!$B$7:$B$49,0))="P")+ --(INDEX('TH_CMI GRADE 10'!$AH$7:$AH$49,MATCH(LEFT($A57,LEN($A57)-2),'TH_CMI GRADE 10'!$B$7:$B$49,0))="P")+ --(INDEX('TH_CMI GRADE 10'!$AN$7:$AN$49,MATCH(LEFT($A57,LEN($A57)-2),'TH_CMI GRADE 10'!$B$7:$B$49,0))="P"), 0) -> 2 | D57: =IF(IF(_xlfn.XLOOKUP(LEFT(A57,LEN(A57)-2),'TH_CMI GRADE 10'!$B$7:$B$49,'TH_CMI GRADE 10'!$AT$7:$AT$49,"",0,1)=0,"",_xlfn.XLOOKUP(LEFT(A57,LEN(A57)-2),'TH_CMI GRADE 10'!$B$7:$B$49,'TH_CMI GRADE 10'!$AT$7:$AT$49,"",0,1))<=TODAY(),TRUE,FALSE) -> TRUE | E57: =IFERROR(IF(AND(D57=TRUE(),C57/B57<=1),C57/B57,IF(AND(D57=TRUE(),C57/B57>1),1,"")),0) -> 1 | F57: 2.3.2.B | G57: 2 | H57: =IFERROR( --(INDEX('PW_CMI GRADE 10'!$D$7:$D$31,MATCH(LEFT($A57,LEN($A57)-2),'PW_CMI GRADE 10'!$B$7:$B$31,0))="P")+ --(INDEX('PW_CMI GRADE 10'!$J$7:$J$31,MATCH(LEFT($A57,LEN($A57)-2),'PW_CMI GRADE 10'!$B$7:$B$31,0))="P")+ --(INDEX('PW_CMI GRADE 10'!$P$7:$P$31,MATCH(LEFT($A57,LEN($A57)-2),'PW_CMI GRADE 10'!$B$7:$B$31,0))="P")+ --(INDEX('PW_CMI GRADE 10'!$V$7:$V$31,MATCH(LEFT($A57,LEN($A57)-2),'PW_CMI GRADE 10'!$B$7:$B$31,0))="P")+ --(INDEX('PW_CMI GRADE 10'!$AB$7:$AB$31,MATCH(LEFT($A57,LEN($A57)-2),'PW_CMI GRADE 10'!$B$7:$B$31,0))="P")+ --(INDEX('PW_CMI GRADE 10'!$AH$7:$AH$31,MATCH(LEFT($A57,LEN($A57)-2),'PW_CMI GRADE 10'!$B$7:$B$31,0))="P")+ --(INDEX('PW_CMI GRADE 10'!$AN$7:$AN$31,MATCH(LEFT($A57,LEN($A57)-2),'PW_CMI GRADE 10'!$B$7:$B$31,0))="P"), 0) -> 0 | I57: =IF(IF(_xlfn.XLOOKUP(LEFT($A57,LEN($A57)-2),'PW_CMI GRADE 10'!$B$7:$B$31,'PW_CMI GRADE 10'!$AT$7:$AT$31,"",0,1)=0,"",_xlfn.XLOOKUP(LEFT($A57,LEN($A57)-2),'PW_CMI GRADE 10'!$B$7:$B$31,'PW_CMI GRADE 10'!$AT$7:$AT$31,"",0,1))<=TODAY(),TRUE,FALSE) -> FALSE | J57: =IFERROR(IF(AND(I57=TRUE(),H57/G57<=1),H57/G57,IF(AND(I57=TRUE(),H57/G57>1),1,"")),0)
A58: 2.3.3.B | B58: 2 | C58: =IFERROR( --(INDEX('TH_CMI GRADE 10'!$D$7:$D$49,MATCH(LEFT($A58,LEN($A58)-2),'TH_CMI GRADE 10'!$B$7:$B$49,0))="P")+ --(INDEX('TH_CMI GRADE 10'!$J$7:$J$49,MATCH(LEFT($A58,LEN($A58)-2),'TH_CMI GRADE 10'!$B$7:$B$49,0))="P")+ --(INDEX('TH_CMI GRADE 10'!$P$7:$P$49,MATCH(LEFT($A58,LEN($A58)-2),'TH_CMI GRADE 10'!$B$7:$B$49,0))="P")+ --(INDEX('TH_CMI GRADE 10'!$V$7:$V$49,MATCH(LEFT($A58,LEN($A58)-2),'TH_CMI GRADE 10'!$B$7:$B$49,0))="P")+ --(INDEX('TH_CMI GRADE 10'!$AB$7:$AB$49,MATCH(LEFT($A58,LEN($A58)-2),'TH_CMI GRADE 10'!$B$7:$B$49,0))="P")+ --(INDEX('TH_CMI GRADE 10'!$AH$7:$AH$49,MATCH(LEFT($A58,LEN($A58)-2),'TH_CMI GRADE 10'!$B$7:$B$49,0))="P")+ --(INDEX('TH_CMI GRADE 10'!$AN$7:$AN$49,MATCH(LEFT($A58,LEN($A58)-2),'TH_CMI GRADE 10'!$B$7:$B$49,0))="P"), 0) -> 2 | D58: =IF(IF(_xlfn.XLOOKUP(LEFT(A58,LEN(A58)-2),'TH_CMI GRADE 10'!$B$7:$B$49,'TH_CMI GRADE 10'!$AT$7:$AT$49,"",0,1)=0,"",_xlfn.XLOOKUP(LEFT(A58,LEN(A58)-2),'TH_CMI GRADE 10'!$B$7:$B$49,'TH_CMI GRADE 10'!$AT$7:$AT$49,"",0,1))<=TODAY(),TRUE,FALSE) -> TRUE | E58: =IFERROR(IF(AND(D58=TRUE(),C58/B58<=1),C58/B58,IF(AND(D58=TRUE(),C58/B58>1),1,"")),0) -> 1 | F58: 2.3.3.B | G58: 2 | H58: =IFERROR( --(INDEX('PW_CMI GRADE 10'!$D$7:$D$31,MATCH(LEFT($A58,LEN($A58)-2),'PW_CMI GRADE 10'!$B$7:$B$31,0))="P")+ --(INDEX('PW_CMI GRADE 10'!$J$7:$J$31,MATCH(LEFT($A58,LEN($A58)-2),'PW_CMI GRADE 10'!$B$7:$B$31,0))="P")+ --(INDEX('PW_CMI GRADE 10'!$P$7:$P$31,MATCH(LEFT($A58,LEN($A58)-2),'PW_CMI GRADE 10'!$B$7:$B$31,0))="P")+ --(INDEX('PW_CMI GRADE 10'!$V$7:$V$31,MATCH(LEFT($A58,LEN($A58)-2),'PW_CMI GRADE 10'!$B$7:$B$31,0))="P")+ --(INDEX('PW_CMI GRADE 10'!$AB$7:$AB$31,MATCH(LEFT($A58,LEN($A58)-2),'PW_CMI GRADE 10'!$B$7:$B$31,0))="P")+ --(INDEX('PW_CMI GRADE 10'!$AH$7:$AH$31,MATCH(LEFT($A58,LEN($A58)-2),'PW_CMI GRADE 10'!$B$7:$B$31,0))="P")+ --(INDEX('PW_CMI GRADE 10'!$AN$7:$AN$31,MATCH(LEFT($A58,LEN($A58)-2),'PW_CMI GRADE 10'!$B$7:$B$31,0))="P"), 0) -> 0 | I58: =IF(IF(_xlfn.XLOOKUP(LEFT($A58,LEN($A58)-2),'PW_CMI GRADE 10'!$B$7:$B$31,'PW_CMI GRADE 10'!$AT$7:$AT$31,"",0,1)=0,"",_xlfn.XLOOKUP(LEFT($A58,LEN($A58)-2),'PW_CMI GRADE 10'!$B$7:$B$31,'PW_CMI GRADE 10'!$AT$7:$AT$31,"",0,1))<=TODAY(),TRUE,FALSE) -> FALSE | J58: =IFERROR(IF(AND(I58=TRUE(),H58/G58<=1),H58/G58,IF(AND(I58=TRUE(),H58/G58>1),1,"")),0)
A59: 2.3.4.B | B59: 2 | C59: =IFERROR( --(INDEX('TH_CMI GRADE 10'!$D$7:$D$49,MATCH(LEFT($A59,LEN($A59)-2),'TH_CMI GRADE 10'!$B$7:$B$49,0))="P")+ --(INDEX('TH_CMI GRADE 10'!$J$7:$J$49,MATCH(LEFT($A59,LEN($A59)-2),'TH_CMI GRADE 10'!$B$7:$B$49,0))="P")+ --(INDEX('TH_CMI GRADE 10'!$P$7:$P$49,MATCH(LEFT($A59,LEN($A59)-2),'TH_CMI GRADE 10'!$B$7:$B$49,0))="P")+ --(INDEX('TH_CMI GRADE 10'!$V$7:$V$49,MATCH(LEFT($A59,LEN($A59)-2),'TH_CMI GRADE 10'!$B$7:$B$49,0))="P")+ --(INDEX('TH_CMI GRADE 10'!$AB$7:$AB$49,MATCH(LEFT($A59,LEN($A59)-2),'TH_CMI GRADE 10'!$B$7:$B$49,0))="P")+ --(INDEX('TH_CMI GRADE 10'!$AH$7:$AH$49,MATCH(LEFT($A59,LEN($A59)-2),'TH_CMI GRADE 10'!$B$7:$B$49,0))="P")+ --(INDEX('TH_CMI GRADE 10'!$AN$7:$AN$49,MATCH(LEFT($A59,LEN($A59)-2),'TH_CMI GRADE 10'!$B$7:$B$49,0))="P"), 0) -> 2 | D59: =IF(IF(_xlfn.XLOOKUP(LEFT(A59,LEN(A59)-2),'TH_CMI GRADE 10'!$B$7:$B$49,'TH_CMI GRADE 10'!$AT$7:$AT$49,"",0,1)=0,"",_xlfn.XLOOKUP(LEFT(A59,LEN(A59)-2),'TH_CMI GRADE 10'!$B$7:$B$49,'TH_CMI GRADE 10'!$AT$7:$AT$49,"",0,1))<=TODAY(),TRUE,FALSE) -> TRUE | E59: =IFERROR(IF(AND(D59=TRUE(),C59/B59<=1),C59/B59,IF(AND(D59=TRUE(),C59/B59>1),1,"")),0) -> 1 | F59: 2.3.4.B | G59: 2 | H59: =IFERROR( --(INDEX('PW_CMI GRADE 10'!$D$7:$D$31,MATCH(LEFT($A59,LEN($A59)-2),'PW_CMI GRADE 10'!$B$7:$B$31,0))="P")+ --(INDEX('PW_CMI GRADE 10'!$J$7:$J$31,MATCH(LEFT($A59,LEN($A59)-2),'PW_CMI GRADE 10'!$B$7:$B$31,0))="P")+ --(INDEX('PW_CMI GRADE 10'!$P$7:$P$31,MATCH(LEFT($A59,LEN($A59)-2),'PW_CMI GRADE 10'!$B$7:$B$31,0))="P")+ --(INDEX('PW_CMI GRADE 10'!$V$7:$V$31,MATCH(LEFT($A59,LEN($A59)-2),'PW_CMI GRADE 10'!$B$7:$B$31,0))="P")+ --(INDEX('PW_CMI GRADE 10'!$AB$7:$AB$31,MATCH(LEFT($A59,LEN($A59)-2),'PW_CMI GRADE 10'!$B$7:$B$31,0))="P")+ --(INDEX('PW_CMI GRADE 10'!$AH$7:$AH$31,MATCH(LEFT($A59,LEN($A59)-2),'PW_CMI GRADE 10'!$B$7:$B$31,0))="P")+ --(INDEX('PW_CMI GRADE 10'!$AN$7:$AN$31,MATCH(LEFT($A59,LEN($A59)-2),'PW_CMI GRADE 10'!$B$7:$B$31,0))="P"), 0) -> 0 | I59: =IF(IF(_xlfn.XLOOKUP(LEFT($A59,LEN($A59)-2),'PW_CMI GRADE 10'!$B$7:$B$31,'PW_CMI GRADE 10'!$AT$7:$AT$31,"",0,1)=0,"",_xlfn.XLOOKUP(LEFT($A59,LEN($A59)-2),'PW_CMI GRADE 10'!$B$7:$B$31,'PW_CMI GRADE 10'!$AT$7:$AT$31,"",0,1))<=TODAY(),TRUE,FALSE) -> FALSE | J59: =IFERROR(IF(AND(I59=TRUE(),H59/G59<=1),H59/G59,IF(AND(I59=TRUE(),H59/G59>1),1,"")),0)
A60: 2.4.1.B | B60: 2 | C60: =IFERROR( --(INDEX('TH_CMI GRADE 10'!$D$7:$D$49,MATCH(LEFT($A60,LEN($A60)-2),'TH_CMI GRADE 10'!$B$7:$B$49,0))="P")+ --(INDEX('TH_CMI GRADE 10'!$J$7:$J$49,MATCH(LEFT($A60,LEN($A60)-2),'TH_CMI GRADE 10'!$B$7:$B$49,0))="P")+ --(INDEX('TH_CMI GRADE 10'!$P$7:$P$49,MATCH(LEFT($A60,LEN($A60)-2),'TH_CMI GRADE 10'!$B$7:$B$49,0))="P")+ --(INDEX('TH_CMI GRADE 10'!$V$7:$V$49,MATCH(LEFT($A60,LEN($A60)-2),'TH_CMI GRADE 10'!$B$7:$B$49,0))="P")+ --(INDEX('TH_CMI GRADE 10'!$AB$7:$AB$49,MATCH(LEFT($A60,LEN($A60)-2),'TH_CMI GRADE 10'!$B$7:$B$49,0))="P")+ --(INDEX('TH_CMI GRADE 10'!$AH$7:$AH$49,MATCH(LEFT($A60,LEN($A60)-2),'TH_CMI GRADE 10'!$B$7:$B$49,0))="P")+ --(INDEX('TH_CMI GRADE 10'!$AN$7:$AN$49,MATCH(LEFT($A60,LEN($A60)-2),'TH_CMI GRADE 10'!$B$7:$B$49,0))="P"), 0) -> 2 | D60: =IF(IF(_xlfn.XLOOKUP(LEFT(A60,LEN(A60)-2),'TH_CMI GRADE 10'!$B$7:$B$49,'TH_CMI GRADE 10'!$AT$7:$AT$49,"",0,1)=0,"",_xlfn.XLOOKUP(LEFT(A60,LEN(A60)-2),'TH_CMI GRADE 10'!$B$7:$B$49,'TH_CMI GRADE 10'!$AT$7:$AT$49,"",0,1))<=TODAY(),TRUE,FALSE) -> TRUE | E60: =IFERROR(IF(AND(D60=TRUE(),C60/B60<=1),C60/B60,IF(AND(D60=TRUE(),C60/B60>1),1,"")),0) -> 1 | F60: 2.4.1.B | G60: 2 | H60: =IFERROR( --(INDEX('PW_CMI GRADE 10'!$D$7:$D$31,MATCH(LEFT($A60,LEN($A60)-2),'PW_CMI GRADE 10'!$B$7:$B$31,0))="P")+ --(INDEX('PW_CMI GRADE 10'!$J$7:$J$31,MATCH(LEFT($A60,LEN($A60)-2),'PW_CMI GRADE 10'!$B$7:$B$31,0))="P")+ --(INDEX('PW_CMI GRADE 10'!$P$7:$P$31,MATCH(LEFT($A60,LEN($A60)-2),'PW_CMI GRADE 10'!$B$7:$B$31,0))="P")+ --(INDEX('PW_CMI GRADE 10'!$V$7:$V$31,MATCH(LEFT($A60,LEN($A60)-2),'PW_CMI GRADE 10'!$B$7:$B$31,0))="P")+ --(INDEX('PW_CMI GRADE 10'!$AB$7:$AB$31,MATCH(LEFT($A60,LEN($A60)-2),'PW_CMI GRADE 10'!$B$7:$B$31,0))="P")+ --(INDEX('PW_CMI GRADE 10'!$AH$7:$AH$31,MATCH(LEFT($A60,LEN($A60)-2),'PW_CMI GRADE 10'!$B$7:$B$31,0))="P")+ --(INDEX('PW_CMI GRADE 10'!$AN$7:$AN$31,MATCH(LEFT($A60,LEN($A60)-2),'PW_CMI GRADE 10'!$B$7:$B$31,0))="P"), 0) -> 0 | I60: =IF(IF(_xlfn.XLOOKUP(LEFT($A60,LEN($A60)-2),'PW_CMI GRADE 10'!$B$7:$B$31,'PW_CMI GRADE 10'!$AT$7:$AT$31,"",0,1)=0,"",_xlfn.XLOOKUP(LEFT($A60,LEN($A60)-2),'PW_CMI GRADE 10'!$B$7:$B$31,'PW_CMI GRADE 10'!$AT$7:$AT$31,"",0,1))<=TODAY(),TRUE,FALSE) -> FALSE | J60: =IFERROR(IF(AND(I60=TRUE(),H60/G60<=1),H60/G60,IF(AND(I60=TRUE(),H60/G60>1),1,"")),0)
... A92: 7A.1.6.B | B92: 2 | C92: =IFERROR( --(INDEX('TH_CMI GRADE 10'!$D$7:$D$49,MATCH(LEFT($A92,LEN($A92)-2),'TH_CMI GRADE 10'!$B$7:$B$49,0))="P")+ --(INDEX('TH_CMI GRADE 10'!$J$7:$J$49,MATCH(LEFT($A92,LEN($A92)-2),'TH_CMI GRADE 10'!$B$7:$B$49,0))="P")+ --(INDEX('TH_CMI GRADE 10'!$P$7:$P$49,MATCH(LEFT($A92,LEN($A92)-2),'TH_CMI GRADE 10'!$B$7:$B$49,0))="P")+ --(INDEX('TH_CMI GRADE 10'!$V$7:$V$49,MATCH(LEFT($A92,LEN($A92)-2),'TH_CMI GRADE 10'!$B$7:$B$49,0))="P")+ --(INDEX('TH_CMI GRADE 10'!$AB$7:$AB$49,MATCH(LEFT($A92,LEN($A92)-2),'TH_CMI GRADE 10'!$B$7:$B$49,0))="P")+ --(INDEX('TH_CMI GRADE 10'!$AH$7:$AH$49,MATCH(LEFT($A92,LEN($A92)-2),'TH_CMI GRADE 10'!$B$7:$B$49,0))="P")+ --(INDEX('TH_CMI GRADE 10'!$AN$7:$AN$49,MATCH(LEFT($A92,LEN($A92)-2),'TH_CMI GRADE 10'!$B$7:$B$49,0))="P"), 0) -> 3 | D92: =IF(IF(_xlfn.XLOOKUP(LEFT(A92,LEN(A92)-2),'TH_CMI GRADE 10'!$B$7:$B$49,'TH_CMI GRADE 10'!$AT$7:$AT$49,"",0,1)=0,"",_xlfn.XLOOKUP(LEFT(A92,LEN(A92)-2),'TH_CMI GRADE 10'!$B$7:$B$49,'TH_CMI GRADE 10'!$AT$7:$AT$49,"",0,1))<=TODAY(),TRUE,FALSE) -> TRUE | E92: =IFERROR(IF(AND(D92=TRUE(),C92/B92<=1),C92/B92,IF(AND(D92=TRUE(),C92/B92>1),1,"")),0) -> 1 | F92: 7A.1.6.B | G92: 2 | H92: =IFERROR( --(INDEX('PW_CMI GRADE 10'!$D$7:$D$31,MATCH(LEFT($A92,LEN($A92)-2),'PW_CMI GRADE 10'!$B$7:$B$31,0))="P")+ --(INDEX('PW_CMI GRADE 10'!$J$7:$J$31,MATCH(LEFT($A92,LEN($A92)-2),'PW_CMI GRADE 10'!$B$7:$B$31,0))="P")+ --(INDEX('PW_CMI GRADE 10'!$P$7:$P$31,MATCH(LEFT($A92,LEN($A92)-2),'PW_CMI GRADE 10'!$B$7:$B$31,0))="P")+ --(INDEX('PW_CMI GRADE 10'!$V$7:$V$31,MATCH(LEFT($A92,LEN($A92)-2),'PW_CMI GRADE 10'!$B$7:$B$31,0))="P")+ --(INDEX('PW_CMI GRADE 10'!$AB$7:$AB$31,MATCH(LEFT($A92,LEN($A92)-2),'PW_CMI GRADE 10'!$B$7:$B$31,0))="P")+ --(INDEX('PW_CMI GRADE 10'!$AH$7:$AH$31,MATCH(LEFT($A92,LEN($A92)-2),'PW_CMI GRADE 10'!$B$7:$B$31,0))="P")+ --(INDEX('PW_CMI GRADE 10'!$AN$7:$AN$31,MATCH(LEFT($A92,LEN($A92)-2),'PW_CMI GRADE 10'!$B$7:$B$31,0))="P"), 0) -> 0 | I92: =IF(IF(_xlfn.XLOOKUP(LEFT($A92,LEN($A92)-2),'PW_CMI GRADE 10'!$B$7:$B$31,'PW_CMI GRADE 10'!$AT$7:$AT$31,"",0,1)=0,"",_xlfn.XLOOKUP(LEFT($A92,LEN($A92)-2),'PW_CMI GRADE 10'!$B$7:$B$31,'PW_CMI GRADE 10'!$AT$7:$AT$31,"",0,1))<=TODAY(),TRUE,FALSE) -> FALSE | J92: =IFERROR(IF(AND(I92=TRUE(),H92/G92<=1),H92/G92,IF(AND(I92=TRUE(),H92/G92>1),1,"")),0)
A93: 1.1.1.C | B93: 2 | C93: =IFERROR( --(INDEX('TH_CMI GRADE 10'!$E$7:$E$49,MATCH(LEFT($A93,LEN($A93)-2),'TH_CMI GRADE 10'!$B$7:$B$49,0))="P")+ --(INDEX('TH_CMI GRADE 10'!$K$7:$K$49,MATCH(LEFT($A93,LEN($A93)-2),'TH_CMI GRADE 10'!$B$7:$B$49,0))="P")+ --(INDEX('TH_CMI GRADE 10'!$Q$7:$Q$49,MATCH(LEFT($A93,LEN($A93)-2),'TH_CMI GRADE 10'!$B$7:$B$49,0))="P")+ --(INDEX('TH_CMI GRADE 10'!$W$7:$W$49,MATCH(LEFT($A93,LEN($A93)-2),'TH_CMI GRADE 10'!$B$7:$B$49,0))="P")+ --(INDEX('TH_CMI GRADE 10'!$AC$7:$AC$49,MATCH(LEFT($A93,LEN($A93)-2),'TH_CMI GRADE 10'!$B$7:$B$49,0))="P")+ --(INDEX('TH_CMI GRADE 10'!$AI$7:$AI$49,MATCH(LEFT($A93,LEN($A93)-2),'TH_CMI GRADE 10'!$B$7:$B$49,0))="P")+ --(INDEX('TH_CMI GRADE 10'!$AO$7:$AO$49,MATCH(LEFT($A93,LEN($A93)-2),'TH_CMI GRADE 10'!$B$7:$B$49,0))="P"), 0) -> 2 | E93: =IFERROR(IF(AND(D93=TRUE(),C93/B93<=1),C93/B93,IF(AND(D93=TRUE(),C93/B93>1),1,"")),0) | F93: 1.1.1.C | G93: 2 | H93: =IFERROR( --(INDEX('PW_CMI GRADE 10'!$E$7:$E$49,MATCH(LEFT($A93,LEN($A93)-2),'PW_CMI GRADE 10'!$B$7:$B$49,0))="P")+ --(INDEX('PW_CMI GRADE 10'!$K$7:$K$49,MATCH(LEFT($A93,LEN($A93)-2),'PW_CMI GRADE 10'!$B$7:$B$49,0))="P")+ --(INDEX('PW_CMI GRADE 10'!$Q$7:$Q$49,MATCH(LEFT($A93,LEN($A93)-2),'PW_CMI GRADE 10'!$B$7:$B$49,0))="P")+ --(INDEX('PW_CMI GRADE 10'!$W$7:$W$49,MATCH(LEFT($A93,LEN($A93)-2),'PW_CMI GRADE 10'!$B$7:$B$49,0))="P")+ --(INDEX('PW_CMI GRADE 10'!$AC$7:$AC$49,MATCH(LEFT($A93,LEN($A93)-2),'PW_CMI GRADE 10'!$B$7:$B$49,0))="P")+ --(INDEX('PW_CMI GRADE 10'!$AI$7:$AI$49,MATCH(LEFT($A93,LEN($A93)-2),'PW_CMI GRADE 10'!$B$7:$B$49,0))="P")+ --(INDEX('PW_CMI GRADE 10'!$AO$7:$AO$49,MATCH(LEFT($A93,LEN($A93)-2),'PW_CMI GRADE 10'!$B$7:$B$49,0))="P"), 0) -> 0 | I93: {=_xlfn.LET(_xlpm.k,LEFT($A93,LEN($A93)-2),_xlpm.idx,IFERROR(MATCH(_xlpm.k,'PW_CMI GRADE 10'!$B$7:$B$31,0),0),IF(_xlpm.idx=0,FALSE,_xlfn.LET(_xlpm.plg,INDEX('PW_CMI GRADE 10'!$AV$7:$BN$31,_xlpm.idx,{1;4;7;10;13;16;19}),_xlpm.dmin,IF(COUNTA(_xlpm.plg)=0,0,MIN(_xlpm.plg)),IF(_xlpm.dmin=0,FALSE,_xlpm.dmin<=TODAY()))))} -> FALSE | J93: =IFERROR(IF(AND(I93=TRUE(),H93/G93<=1),H93/G93,IF(AND(I93=TRUE(),H93/G93>1),1,"")),0)
A94: 2.1.1.C | B94: 2 | C94: =IFERROR( --(INDEX('TH_CMI GRADE 10'!$E$7:$E$49,MATCH(LEFT($A94,LEN($A94)-2),'TH_CMI GRADE 10'!$B$7:$B$49,0))="P")+ --(INDEX('TH_CMI GRADE 10'!$K$7:$K$49,MATCH(LEFT($A94,LEN($A94)-2),'TH_CMI GRADE 10'!$B$7:$B$49,0))="P")+ --(INDEX('TH_CMI GRADE 10'!$Q$7:$Q$49,MATCH(LEFT($A94,LEN($A94)-2),'TH_CMI GRADE 10'!$B$7:$B$49,0))="P")+ --(INDEX('TH_CMI GRADE 10'!$W$7:$W$49,MATCH(LEFT($A94,LEN($A94)-2),'TH_CMI GRADE 10'!$B$7:$B$49,0))="P")+ --(INDEX('TH_CMI GRADE 10'!$AC$7:$AC$49,MATCH(LEFT($A94,LEN($A94)-2),'TH_CMI GRADE 10'!$B$7:$B$49,0))="P")+ --(INDEX('TH_CMI GRADE 10'!$AI$7:$AI$49,MATCH(LEFT($A94,LEN($A94)-2),'TH_CMI GRADE 10'!$B$7:$B$49,0))="P")+ --(INDEX('TH_CMI GRADE 10'!$AO$7:$AO$49,MATCH(LEFT($A94,LEN($A94)-2),'TH_CMI GRADE 10'!$B$7:$B$49,0))="P"), 0) -> 2 | D94: {=_xlfn.LET(_xlpm.k,LEFT(A94,LEN(A94)-2),_xlpm.idx,IFERROR(MATCH(_xlpm.k,'TH_CMI GRADE 10'!$B$7:$B$49,0),0),IF(_xlpm.idx=0,FALSE,_xlfn.LET(_xlpm.plg,INDEX('TH_CMI GRADE 10'!$AV$7:$BN$49,_xlpm.idx,{1;4;7;10;13;16;19}),_xlpm.dmin,IF(COUNTA(_xlpm.plg)=0,0,MIN(_xlpm.plg)),IF(_xlpm.dmin=0,FALSE,_xlpm.dmin<=TODAY()))))} -> TRUE | E94: =IFERROR(IF(AND(D94=TRUE(),C94/B94<=1),C94/B94,IF(AND(D94=TRUE(),C94/B94>1),1,"")),0) -> 1 | F94: 2.1.1.C | G94: 2 | H94: =IFERROR( --(INDEX('PW_CMI GRADE 10'!$E$7:$E$49,MATCH(LEFT($A94,LEN($A94)-2),'PW_CMI GRADE 10'!$B$7:$B$49,0))="P")+ --(INDEX('PW_CMI GRADE 10'!$K$7:$K$49,MATCH(LEFT($A94,LEN($A94)-2),'PW_CMI GRADE 10'!$B$7:$B$49,0))="P")+ --(INDEX('PW_CMI GRADE 10'!$Q$7:$Q$49,MATCH(LEFT($A94,LEN($A94)-2),'PW_CMI GRADE 10'!$B$7:$B$49,0))="P")+ --(INDEX('PW_CMI GRADE 10'!$W$7:$W$49,MATCH(LEFT($A94,LEN($A94)-2),'PW_CMI GRADE 10'!$B$7:$B$49,0))="P")+ --(INDEX('PW_CMI GRADE 10'!$AC$7:$AC$49,MATCH(LEFT($A94,LEN($A94)-2),'PW_CMI GRADE 10'!$B$7:$B$49,0))="P")+ --(INDEX('PW_CMI GRADE 10'!$AI$7:$AI$49,MATCH(LEFT($A94,LEN($A94)-2),'PW_CMI GRADE 10'!$B$7:$B$49,0))="P")+ --(INDEX('PW_CMI GRADE 10'!$AO$7:$AO$49,MATCH(LEFT($A94,LEN($A94)-2),'PW_CMI GRADE 10'!$B$7:$B$49,0))="P"), 0) -> 0 | I94: {=_xlfn.LET(_xlpm.k,LEFT($A94,LEN($A94)-2),_xlpm.idx,IFERROR(MATCH(_xlpm.k,'PW_CMI GRADE 10'!$B$7:$B$31,0),0),IF(_xlpm.idx=0,FALSE,_xlfn.LET(_xlpm.plg,INDEX('PW_CMI GRADE 10'!$AV$7:$BN$31,_xlpm.idx,{1;4;7;10;13;16;19}),_xlpm.dmin,IF(COUNTA(_xlpm.plg)=0,0,MIN(_xlpm.plg)),IF(_xlpm.dmin=0,FALSE,_xlpm.dmin<=TODAY()))))} -> FALSE | J94: =IFERROR(IF(AND(I94=TRUE(),H94/G94<=1),H94/G94,IF(AND(I94=TRUE(),H94/G94>1),1,"")),0)
A95: 2.1.2.C | B95: 2 | C95: =IFERROR( --(INDEX('TH_CMI GRADE 10'!$E$7:$E$49,MATCH(LEFT($A95,LEN($A95)-2),'TH_CMI GRADE 10'!$B$7:$B$49,0))="P")+ --(INDEX('TH_CMI GRADE 10'!$K$7:$K$49,MATCH(LEFT($A95,LEN($A95)-2),'TH_CMI GRADE 10'!$B$7:$B$49,0))="P")+ --(INDEX('TH_CMI GRADE 10'!$Q$7:$Q$49,MATCH(LEFT($A95,LEN($A95)-2),'TH_CMI GRADE 10'!$B$7:$B$49,0))="P")+ --(INDEX('TH_CMI GRADE 10'!$W$7:$W$49,MATCH(LEFT($A95,LEN($A95)-2),'TH_CMI GRADE 10'!$B$7:$B$49,0))="P")+ --(INDEX('TH_CMI GRADE 10'!$AC$7:$AC$49,MATCH(LEFT($A95,LEN($A95)-2),'TH_CMI GRADE 10'!$B$7:$B$49,0))="P")+ --(INDEX('TH_CMI GRADE 10'!$AI$7:$AI$49,MATCH(LEFT($A95,LEN($A95)-2),'TH_CMI GRADE 10'!$B$7:$B$49,0))="P")+ --(INDEX('TH_CMI GRADE 10'!$AO$7:$AO$49,MATCH(LEFT($A95,LEN($A95)-2),'TH_CMI GRADE 10'!$B$7:$B$49,0))="P"), 0) -> 2 | D95: {=_xlfn.LET(_xlpm.k,LEFT(A95,LEN(A95)-2),_xlpm.idx,IFERROR(MATCH(_xlpm.k,'TH_CMI GRADE 10'!$B$7:$B$49,0),0),IF(_xlpm.idx=0,FALSE,_xlfn.LET(_xlpm.plg,INDEX('TH_CMI GRADE 10'!$AV$7:$BN$49,_xlpm.idx,{1;4;7;10;13;16;19}),_xlpm.dmin,IF(COUNTA(_xlpm.plg)=0,0,MIN(_xlpm.plg)),IF(_xlpm.dmin=0,FALSE,_xlpm.dmin<=TODAY()))))} -> TRUE | E95: =IFERROR(IF(AND(D95=TRUE(),C95/B95<=1),C95/B95,IF(AND(D95=TRUE(),C95/B95>1),1,"")),0) -> 1 | F95: 2.1.2.C | G95: 2 | H95: =IFERROR( --(INDEX('PW_CMI GRADE 10'!$E$7:$E$49,MATCH(LEFT($A95,LEN($A95)-2),'PW_CMI GRADE 10'!$B$7:$B$49,0))="P")+ --(INDEX('PW_CMI GRADE 10'!$K$7:$K$49,MATCH(LEFT($A95,LEN($A95)-2),'PW_CMI GRADE 10'!$B$7:$B$49,0))="P")+ --(INDEX('PW_CMI GRADE 10'!$Q$7:$Q$49,MATCH(LEFT($A95,LEN($A95)-2),'PW_CMI GRADE 10'!$B$7:$B$49,0))="P")+ --(INDEX('PW_CMI GRADE 10'!$W$7:$W$49,MATCH(LEFT($A95,LEN($A95)-2),'PW_CMI GRADE 10'!$B$7:$B$49,0))="P")+ --(INDEX('PW_CMI GRADE 10'!$AC$7:$AC$49,MATCH(LEFT($A95,LEN($A95)-2),'PW_CMI GRADE 10'!$B$7:$B$49,0))="P")+ --(INDEX('PW_CMI GRADE 10'!$AI$7:$AI$49,MATCH(LEFT($A95,LEN($A95)-2),'PW_CMI GRADE 10'!$B$7:$B$49,0))="P")+ --(INDEX('PW_CMI GRADE 10'!$AO$7:$AO$49,MATCH(LEFT($A95,LEN($A95)-2),'PW_CMI GRADE 10'!$B$7:$B$49,0))="P"), 0) -> 0 | I95: {=_xlfn.LET(_xlpm.k,LEFT($A95,LEN($A95)-2),_xlpm.idx,IFERROR(MATCH(_xlpm.k,'PW_CMI GRADE 10'!$B$7:$B$31,0),0),IF(_xlpm.idx=0,FALSE,_xlfn.LET(_xlpm.plg,INDEX('PW_CMI GRADE 10'!$AV$7:$BN$31,_xlpm.idx,{1;4;7;10;13;16;19}),_xlpm.dmin,IF(COUNTA(_xlpm.plg)=0,0,MIN(_xlpm.plg)),IF(_xlpm.dmin=0,FALSE,_xlpm.dmin<=TODAY()))))} -> FALSE | J95: =IFERROR(IF(AND(I95=TRUE(),H95/G95<=1),H95/G95,IF(AND(I95=TRUE(),H95/G95>1),1,"")),0)
A96: 2.1.3.C | B96: 2 | C96: =IFERROR( --(INDEX('TH_CMI GRADE 10'!$E$7:$E$49,MATCH(LEFT($A96,LEN($A96)-2),'TH_CMI GRADE 10'!$B$7:$B$49,0))="P")+ --(INDEX('TH_CMI GRADE 10'!$K$7:$K$49,MATCH(LEFT($A96,LEN($A96)-2),'TH_CMI GRADE 10'!$B$7:$B$49,0))="P")+ --(INDEX('TH_CMI GRADE 10'!$Q$7:$Q$49,MATCH(LEFT($A96,LEN($A96)-2),'TH_CMI GRADE 10'!$B$7:$B$49,0))="P")+ --(INDEX('TH_CMI GRADE 10'!$W$7:$W$49,MATCH(LEFT($A96,LEN($A96)-2),'TH_CMI GRADE 10'!$B$7:$B$49,0))="P")+ --(INDEX('TH_CMI GRADE 10'!$AC$7:$AC$49,MATCH(LEFT($A96,LEN($A96)-2),'TH_CMI GRADE 10'!$B$7:$B$49,0))="P")+ --(INDEX('TH_CMI GRADE 10'!$AI$7:$AI$49,MATCH(LEFT($A96,LEN($A96)-2),'TH_CMI GRADE 10'!$B$7:$B$49,0))="P")+ --(INDEX('TH_CMI GRADE 10'!$AO$7:$AO$49,MATCH(LEFT($A96,LEN($A96)-2),'TH_CMI GRADE 10'!$B$7:$B$49,0))="P"), 0) -> 2 | D96: {=_xlfn.LET(_xlpm.k,LEFT(A96,LEN(A96)-2),_xlpm.idx,IFERROR(MATCH(_xlpm.k,'TH_CMI GRADE 10'!$B$7:$B$49,0),0),IF(_xlpm.idx=0,FALSE,_xlfn.LET(_xlpm.plg,INDEX('TH_CMI GRADE 10'!$AV$7:$BN$49,_xlpm.idx,{1;4;7;10;13;16;19}),_xlpm.dmin,IF(COUNTA(_xlpm.plg)=0,0,MIN(_xlpm.plg)),IF(_xlpm.dmin=0,FALSE,_xlpm.dmin<=TODAY()))))} -> TRUE | E96: =IFERROR(IF(AND(D96=TRUE(),C96/B96<=1),C96/B96,IF(AND(D96=TRUE(),C96/B96>1),1,"")),0) -> 1 | F96: 2.1.3.C | G96: 2 | H96: =IFERROR( --(INDEX('PW_CMI GRADE 10'!$E$7:$E$49,MATCH(LEFT($A96,LEN($A96)-2),'PW_CMI GRADE 10'!$B$7:$B$49,0))="P")+ --(INDEX('PW_CMI GRADE 10'!$K$7:$K$49,MATCH(LEFT($A96,LEN($A96)-2),'PW_CMI GRADE 10'!$B$7:$B$49,0))="P")+ --(INDEX('PW_CMI GRADE 10'!$Q$7:$Q$49,MATCH(LEFT($A96,LEN($A96)-2),'PW_CMI GRADE 10'!$B$7:$B$49,0))="P")+ --(INDEX('PW_CMI GRADE 10'!$W$7:$W$49,MATCH(LEFT($A96,LEN($A96)-2),'PW_CMI GRADE 10'!$B$7:$B$49,0))="P")+ --(INDEX('PW_CMI GRADE 10'!$AC$7:$AC$49,MATCH(LEFT($A96,LEN($A96)-2),'PW_CMI GRADE 10'!$B$7:$B$49,0))="P")+ --(INDEX('PW_CMI GRADE 10'!$AI$7:$AI$49,MATCH(LEFT($A96,LEN($A96)-2),'PW_CMI GRADE 10'!$B$7:$B$49,0))="P")+ --(INDEX('PW_CMI GRADE 10'!$AO$7:$AO$49,MATCH(LEFT($A96,LEN($A96)-2),'PW_CMI GRADE 10'!$B$7:$B$49,0))="P"), 0) -> 0 | I96: {=_xlfn.LET(_xlpm.k,LEFT($A96,LEN($A96)-2),_xlpm.idx,IFERROR(MATCH(_xlpm.k,'PW_CMI GRADE 10'!$B$7:$B$31,0),0),IF(_xlpm.idx=0,FALSE,_xlfn.LET(_xlpm.plg,INDEX('PW_CMI GRADE 10'!$AV$7:$BN$31,_xlpm.idx,{1;4;7;10;13;16;19}),_xlpm.dmin,IF(COUNTA(_xlpm.plg)=0,0,MIN(_xlpm.plg)),IF(_xlpm.dmin=0,FALSE,_xlpm.dmin<=TODAY()))))} -> FALSE | J96: =IFERROR(IF(AND(I96=TRUE(),H96/G96<=1),H96/G96,IF(AND(I96=TRUE(),H96/G96>1),1,"")),0)
A97: 2.1.4.C | B97: 2 | C97: =IFERROR( --(INDEX('TH_CMI GRADE 10'!$E$7:$E$49,MATCH(LEFT($A97,LEN($A97)-2),'TH_CMI GRADE 10'!$B$7:$B$49,0))="P")+ --(INDEX('TH_CMI GRADE 10'!$K$7:$K$49,MATCH(LEFT($A97,LEN($A97)-2),'TH_CMI GRADE 10'!$B$7:$B$49,0))="P")+ --(INDEX('TH_CMI GRADE 10'!$Q$7:$Q$49,MATCH(LEFT($A97,LEN($A97)-2),'TH_CMI GRADE 10'!$B$7:$B$49,0))="P")+ --(INDEX('TH_CMI GRADE 10'!$W$7:$W$49,MATCH(LEFT($A97,LEN($A97)-2),'TH_CMI GRADE 10'!$B$7:$B$49,0))="P")+ --(INDEX('TH_CMI GRADE 10'!$AC$7:$AC$49,MATCH(LEFT($A97,LEN($A97)-2),'TH_CMI GRADE 10'!$B$7:$B$49,0))="P")+ --(INDEX('TH_CMI GRADE 10'!$AI$7:$AI$49,MATCH(LEFT($A97,LEN($A97)-2),'TH_CMI GRADE 10'!$B$7:$B$49,0))="P")+ --(INDEX('TH_CMI GRADE 10'!$AO$7:$AO$49,MATCH(LEFT($A97,LEN($A97)-2),'TH_CMI GRADE 10'!$B$7:$B$49,0))="P"), 0) -> 2 | D97: {=_xlfn.LET(_xlpm.k,LEFT(A97,LEN(A97)-2),_xlpm.idx,IFERROR(MATCH(_xlpm.k,'TH_CMI GRADE 10'!$B$7:$B$49,0),0),IF(_xlpm.idx=0,FALSE,_xlfn.LET(_xlpm.plg,INDEX('TH_CMI GRADE 10'!$AV$7:$BN$49,_xlpm.idx,{1;4;7;10;13;16;19}),_xlpm.dmin,IF(COUNTA(_xlpm.plg)=0,0,MIN(_xlpm.plg)),IF(_xlpm.dmin=0,FALSE,_xlpm.dmin<=TODAY()))))} -> TRUE | E97: =IFERROR(IF(AND(D97=TRUE(),C97/B97<=1),C97/B97,IF(AND(D97=TRUE(),C97/B97>1),1,"")),0) -> 1 | F97: 2.1.4.C | G97: 2 | H97: =IFERROR( --(INDEX('PW_CMI GRADE 10'!$E$7:$E$49,MATCH(LEFT($A97,LEN($A97)-2),'PW_CMI GRADE 10'!$B$7:$B$49,0))="P")+ --(INDEX('PW_CMI GRADE 10'!$K$7:$K$49,MATCH(LEFT($A97,LEN($A97)-2),'PW_CMI GRADE 10'!$B$7:$B$49,0))="P")+ --(INDEX('PW_CMI GRADE 10'!$Q$7:$Q$49,MATCH(LEFT($A97,LEN($A97)-2),'PW_CMI GRADE 10'!$B$7:$B$49,0))="P")+ --(INDEX('PW_CMI GRADE 10'!$W$7:$W$49,MATCH(LEFT($A97,LEN($A97)-2),'PW_CMI GRADE 10'!$B$7:$B$49,0))="P")+ --(INDEX('PW_CMI GRADE 10'!$AC$7:$AC$49,MATCH(LEFT($A97,LEN($A97)-2),'PW_CMI GRADE 10'!$B$7:$B$49,0))="P")+ --(INDEX('PW_CMI GRADE 10'!$AI$7:$AI$49,MATCH(LEFT($A97,LEN($A97)-2),'PW_CMI GRADE 10'!$B$7:$B$49,0))="P")+ --(INDEX('PW_CMI GRADE 10'!$AO$7:$AO$49,MATCH(LEFT($A97,LEN($A97)-2),'PW_CMI GRADE 10'!$B$7:$B$49,0))="P"), 0) -> 2 | I97: {=_xlfn.LET(_xlpm.k,LEFT($A97,LEN($A97)-2),_xlpm.idx,IFERROR(MATCH(_xlpm.k,'PW_CMI GRADE 10'!$B$7:$B$31,0),0),IF(_xlpm.idx=0,FALSE,_xlfn.LET(_xlpm.plg,INDEX('PW_CMI GRADE 10'!$AV$7:$BN$31,_xlpm.idx,{1;4;7;10;13;16;19}),_xlpm.dmin,IF(COUNTA(_xlpm.plg)=0,0,MIN(_xlpm.plg)),IF(_xlpm.dmin=0,FALSE,_xlpm.dmin<=TODAY()))))} -> TRUE | J97: =IFERROR(IF(AND(I97=TRUE(),H97/G97<=1),H97/G97,IF(AND(I97=TRUE(),H97/G97>1),1,"")),0) -> 1
A98: 2.1.5.C | B98: 2 | C98: =IFERROR( --(INDEX('TH_CMI GRADE 10'!$E$7:$E$49,MATCH(LEFT($A98,LEN($A98)-2),'TH_CMI GRADE 10'!$B$7:$B$49,0))="P")+ --(INDEX('TH_CMI GRADE 10'!$K$7:$K$49,MATCH(LEFT($A98,LEN($A98)-2),'TH_CMI GRADE 10'!$B$7:$B$49,0))="P")+ --(INDEX('TH_CMI GRADE 10'!$Q$7:$Q$49,MATCH(LEFT($A98,LEN($A98)-2),'TH_CMI GRADE 10'!$B$7:$B$49,0))="P")+ --(INDEX('TH_CMI GRADE 10'!$W$7:$W$49,MATCH(LEFT($A98,LEN($A98)-2),'TH_CMI GRADE 10'!$B$7:$B$49,0))="P")+ --(INDEX('TH_CMI GRADE 10'!$AC$7:$AC$49,MATCH(LEFT($A98,LEN($A98)-2),'TH_CMI GRADE 10'!$B$7:$B$49,0))="P")+ --(INDEX('TH_CMI GRADE 10'!$AI$7:$AI$49,MATCH(LEFT($A98,LEN($A98)-2),'TH_CMI GRADE 10'!$B$7:$B$49,0))="P")+ --(INDEX('TH_CMI GRADE 10'!$AO$7:$AO$49,MATCH(LEFT($A98,LEN($A98)-2),'TH_CMI GRADE 10'!$B$7:$B$49,0))="P"), 0) -> 2 | D98: {=_xlfn.LET(_xlpm.k,LEFT(A98,LEN(A98)-2),_xlpm.idx,IFERROR(MATCH(_xlpm.k,'TH_CMI GRADE 10'!$B$7:$B$49,0),0),IF(_xlpm.idx=0,FALSE,_xlfn.LET(_xlpm.plg,INDEX('TH_CMI GRADE 10'!$AV$7:$BN$49,_xlpm.idx,{1;4;7;10;13;16;19}),_xlpm.dmin,IF(COUNTA(_xlpm.plg)=0,0,MIN(_xlpm.plg)),IF(_xlpm.dmin=0,FALSE,_xlpm.dmin<=TODAY()))))} -> TRUE | E98: =IFERROR(IF(AND(D98=TRUE(),C98/B98<=1),C98/B98,IF(AND(D98=TRUE(),C98/B98>1),1,"")),0) -> 1 | F98: 2.1.5.C | G98: 2 | H98: =IFERROR( --(INDEX('PW_CMI GRADE 10'!$E$7:$E$49,MATCH(LEFT($A98,LEN($A98)-2),'PW_CMI GRADE 10'!$B$7:$B$49,0))="P")+ --(INDEX('PW_CMI GRADE 10'!$K$7:$K$49,MATCH(LEFT($A98,LEN($A98)-2),'PW_CMI GRADE 10'!$B$7:$B$49,0))="P")+ --(INDEX('PW_CMI GRADE 10'!$Q$7:$Q$49,MATCH(LEFT($A98,LEN($A98)-2),'PW_CMI GRADE 10'!$B$7:$B$49,0))="P")+ --(INDEX('PW_CMI GRADE 10'!$W$7:$W$49,MATCH(LEFT($A98,LEN($A98)-2),'PW_CMI GRADE 10'!$B$7:$B$49,0))="P")+ --(INDEX('PW_CMI GRADE 10'!$AC$7:$AC$49,MATCH(LEFT($A98,LEN($A98)-2),'PW_CMI GRADE 10'!$B$7:$B$49,0))="P")+ --(INDEX('PW_CMI GRADE 10'!$AI$7:$AI$49,MATCH(LEFT($A98,LEN($A98)-2),'PW_CMI GRADE 10'!$B$7:$B$49,0))="P")+ --(INDEX('PW_CMI GRADE 10'!$AO$7:$AO$49,MATCH(LEFT($A98,LEN($A98)-2),'PW_CMI GRADE 10'!$B$7:$B$49,0))="P"), 0) -> 2 | I98: {=_xlfn.LET(_xlpm.k,LEFT($A98,LEN($A98)-2),_xlpm.idx,IFERROR(MATCH(_xlpm.k,'PW_CMI GRADE 10'!$B$7:$B$31,0),0),IF(_xlpm.idx=0,FALSE,_xlfn.LET(_xlpm.plg,INDEX('PW_CMI GRADE 10'!$AV$7:$BN$31,_xlpm.idx,{1;4;7;10;13;16;19}),_xlpm.dmin,IF(COUNTA(_xlpm.plg)=0,0,MIN(_xlpm.plg)),IF(_xlpm.dmin=0,FALSE,_xlpm.dmin<=TODAY()))))} -> TRUE | J98: =IFERROR(IF(AND(I98=TRUE(),H98/G98<=1),H98/G98,IF(AND(I98=TRUE(),H98/G98>1),1,"")),0) -> 1
A99: 2.1.6.C | B99: 2 | C99: =IFERROR( --(INDEX('TH_CMI GRADE 10'!$E$7:$E$49,MATCH(LEFT($A99,LEN($A99)-2),'TH_CMI GRADE 10'!$B$7:$B$49,0))="P")+ --(INDEX('TH_CMI GRADE 10'!$K$7:$K$49,MATCH(LEFT($A99,LEN($A99)-2),'TH_CMI GRADE 10'!$B$7:$B$49,0))="P")+ --(INDEX('TH_CMI GRADE 10'!$Q$7:$Q$49,MATCH(LEFT($A99,LEN($A99)-2),'TH_CMI GRADE 10'!$B$7:$B$49,0))="P")+ --(INDEX('TH_CMI GRADE 10'!$W$7:$W$49,MATCH(LEFT($A99,LEN($A99)-2),'TH_CMI GRADE 10'!$B$7:$B$49,0))="P")+ --(INDEX('TH_CMI GRADE 10'!$AC$7:$AC$49,MATCH(LEFT($A99,LEN($A99)-2),'TH_CMI GRADE 10'!$B$7:$B$49,0))="P")+ --(INDEX('TH_CMI GRADE 10'!$AI$7:$AI$49,MATCH(LEFT($A99,LEN($A99)-2),'TH_CMI GRADE 10'!$B$7:$B$49,0))="P")+ --(INDEX('TH_CMI GRADE 10'!$AO$7:$AO$49,MATCH(LEFT($A99,LEN($A99)-2),'TH_CMI GRADE 10'!$B$7:$B$49,0))="P"), 0) -> 2 | D99: {=_xlfn.LET(_xlpm.k,LEFT(A99,LEN(A99)-2),_xlpm.idx,IFERROR(MATCH(_xlpm.k,'TH_CMI GRADE 10'!$B$7:$B$49,0),0),IF(_xlpm.idx=0,FALSE,_xlfn.LET(_xlpm.plg,INDEX('TH_CMI GRADE 10'!$AV$7:$BN$49,_xlpm.idx,{1;4;7;10;13;16;19}),_xlpm.dmin,IF(COUNTA(_xlpm.plg)=0,0,MIN(_xlpm.plg)),IF(_xlpm.dmin=0,FALSE,_xlpm.dmin<=TODAY()))))} -> TRUE | E99: =IFERROR(IF(AND(D99=TRUE(),C99/B99<=1),C99/B99,IF(AND(D99=TRUE(),C99/B99>1),1,"")),0) -> 1 | F99: 2.1.6.C | G99: 2 | H99: =IFERROR( --(INDEX('PW_CMI GRADE 10'!$E$7:$E$49,MATCH(LEFT($A99,LEN($A99)-2),'PW_CMI GRADE 10'!$B$7:$B$49,0))="P")+ --(INDEX('PW_CMI GRADE 10'!$K$7:$K$49,MATCH(LEFT($A99,LEN($A99)-2),'PW_CMI GRADE 10'!$B$7:$B$49,0))="P")+ --(INDEX('PW_CMI GRADE 10'!$Q$7:$Q$49,MATCH(LEFT($A99,LEN($A99)-2),'PW_CMI GRADE 10'!$B$7:$B$49,0))="P")+ --(INDEX('PW_CMI GRADE 10'!$W$7:$W$49,MATCH(LEFT($A99,LEN($A99)-2),'PW_CMI GRADE 10'!$B$7:$B$49,0))="P")+ --(INDEX('PW_CMI GRADE 10'!$AC$7:$AC$49,MATCH(LEFT($A99,LEN($A99)-2),'PW_CMI GRADE 10'!$B$7:$B$49,0))="P")+ --(INDEX('PW_CMI GRADE 10'!$AI$7:$AI$49,MATCH(LEFT($A99,LEN($A99)-2),'PW_CMI GRADE 10'!$B$7:$B$49,0))="P")+ --(INDEX('PW_CMI GRADE 10'!$AO$7:$AO$49,MATCH(LEFT($A99,LEN($A99)-2),'PW_CMI GRADE 10'!$B$7:$B$49,0))="P"), 0) -> 0 | I99: {=_xlfn.LET(_xlpm.k,LEFT($A99,LEN($A99)-2),_xlpm.idx,IFERROR(MATCH(_xlpm.k,'PW_CMI GRADE 10'!$B$7:$B$31,0),0),IF(_xlpm.idx=0,FALSE,_xlfn.LET(_xlpm.plg,INDEX('PW_CMI GRADE 10'!$AV$7:$BN$31,_xlpm.idx,{1;4;7;10;13;16;19}),_xlpm.dmin,IF(COUNTA(_xlpm.plg)=0,0,MIN(_xlpm.plg)),IF(_xlpm.dmin=0,FALSE,_xlpm.dmin<=TODAY()))))} -> FALSE | J99: =IFERROR(IF(AND(I99=TRUE(),H99/G99<=1),H99/G99,IF(AND(I99=TRUE(),H99/G99>1),1,"")),0)
A100: 2.2.1.C | B100: 2 | C100: =IFERROR( --(INDEX('TH_CMI GRADE 10'!$E$7:$E$49,MATCH(LEFT($A100,LEN($A100)-2),'TH_CMI GRADE 10'!$B$7:$B$49,0))="P")+ --(INDEX('TH_CMI GRADE 10'!$K$7:$K$49,MATCH(LEFT($A100,LEN($A100)-2),'TH_CMI GRADE 10'!$B$7:$B$49,0))="P")+ --(INDEX('TH_CMI GRADE 10'!$Q$7:$Q$49,MATCH(LEFT($A100,LEN($A100)-2),'TH_CMI GRADE 10'!$B$7:$B$49,0))="P")+ --(INDEX('TH_CMI GRADE 10'!$W$7:$W$49,MATCH(LEFT($A100,LEN($A100)-2),'TH_CMI GRADE 10'!$B$7:$B$49,0))="P")+ --(INDEX('TH_CMI GRADE 10'!$AC$7:$AC$49,MATCH(LEFT($A100,LEN($A100)-2),'TH_CMI GRADE 10'!$B$7:$B$49,0))="P")+ --(INDEX('TH_CMI GRADE 10'!$AI$7:$AI$49,MATCH(LEFT($A100,LEN($A100)-2),'TH_CMI GRADE 10'!$B$7:$B$49,0))="P")+ --(INDEX('TH_CMI GRADE 10'!$AO$7:$AO$49,MATCH(LEFT($A100,LEN($A100)-2),'TH_CMI GRADE 10'!$B$7:$B$49,0))="P"), 0) -> 2 | D100: {=_xlfn.LET(_xlpm.k,LEFT(A100,LEN(A100)-2),_xlpm.idx,IFERROR(MATCH(_xlpm.k,'TH_CMI GRADE 10'!$B$7:$B$49,0),0),IF(_xlpm.idx=0,FALSE,_xlfn.LET(_xlpm.plg,INDEX('TH_CMI GRADE 10'!$AV$7:$BN$49,_xlpm.idx,{1;4;7;10;13;16;19}),_xlpm.dmin,IF(COUNTA(_xlpm.plg)=0,0,MIN(_xlpm.plg)),IF(_xlpm.dmin=0,FALSE,_xlpm.dmin<=TODAY()))))} -> TRUE | E100: =IFERROR(IF(AND(D100=TRUE(),C100/B100<=1),C100/B100,IF(AND(D100=TRUE(),C100/B100>1),1,"")),0) -> 1 | F100: 2.2.1.C | G100: 2 | H100: =IFERROR( --(INDEX('PW_CMI GRADE 10'!$E$7:$E$49,MATCH(LEFT($A100,LEN($A100)-2),'PW_CMI GRADE 10'!$B$7:$B$49,0))="P")+ --(INDEX('PW_CMI GRADE 10'!$K$7:$K$49,MATCH(LEFT($A100,LEN($A100)-2),'PW_CMI GRADE 10'!$B$7:$B$49,0))="P")+ --(INDEX('PW_CMI GRADE 10'!$Q$7:$Q$49,MATCH(LEFT($A100,LEN($A100)-2),'PW_CMI GRADE 10'!$B$7:$B$49,0))="P")+ --(INDEX('PW_CMI GRADE 10'!$W$7:$W$49,MATCH(LEFT($A100,LEN($A100)-2),'PW_CMI GRADE 10'!$B$7:$B$49,0))="P")+ --(INDEX('PW_CMI GRADE 10'!$AC$7:$AC$49,MATCH(LEFT($A100,LEN($A100)-2),'PW_CMI GRADE 10'!$B$7:$B$49,0))="P")+ --(INDEX('PW_CMI GRADE 10'!$AI$7:$AI$49,MATCH(LEFT($A100,LEN($A100)-2),'PW_CMI GRADE 10'!$B$7:$B$49,0))="P")+ --(INDEX('PW_CMI GRADE 10'!$AO$7:$AO$49,MATCH(LEFT($A100,LEN($A100)-2),'PW_CMI GRADE 10'!$B$7:$B$49,0))="P"), 0) -> 0 | I100: {=_xlfn.LET(_xlpm.k,LEFT($A100,LEN($A100)-2),_xlpm.idx,IFERROR(MATCH(_xlpm.k,'PW_CMI GRADE 10'!$B$7:$B$31,0),0),IF(_xlpm.idx=0,FALSE,_xlfn.LET(_xlpm.plg,INDEX('PW_CMI GRADE 10'!$AV$7:$BN$31,_xlpm.idx,{1;4;7;10;13;16;19}),_xlpm.dmin,IF(COUNTA(_xlpm.plg)=0,0,MIN(_xlpm.plg)),IF(_xlpm.dmin=0,FALSE,_xlpm.dmin<=TODAY()))))} -> FALSE | J100: =IFERROR(IF(AND(I100=TRUE(),H100/G100<=1),H100/G100,IF(AND(I100=TRUE(),H100/G100>1),1,"")),0)
A101: 2.3.1.C | B101: 2 | C101: =IFERROR( --(INDEX('TH_CMI GRADE 10'!$E$7:$E$49,MATCH(LEFT($A101,LEN($A101)-2),'TH_CMI GRADE 10'!$B$7:$B$49,0))="P")+ --(INDEX('TH_CMI GRADE 10'!$K$7:$K$49,MATCH(LEFT($A101,LEN($A101)-2),'TH_CMI GRADE 10'!$B$7:$B$49,0))="P")+ --(INDEX('TH_CMI GRADE 10'!$Q$7:$Q$49,MATCH(LEFT($A101,LEN($A101)-2),'TH_CMI GRADE 10'!$B$7:$B$49,0))="P")+ --(INDEX('TH_CMI GRADE 10'!$W$7:$W$49,MATCH(LEFT($A101,LEN($A101)-2),'TH_CMI GRADE 10'!$B$7:$B$49,0))="P")+ --(INDEX('TH_CMI GRADE 10'!$AC$7:$AC$49,MATCH(LEFT($A101,LEN($A101)-2),'TH_CMI GRADE 10'!$B$7:$B$49,0))="P")+ --(INDEX('TH_CMI GRADE 10'!$AI$7:$AI$49,MATCH(LEFT($A101,LEN($A101)-2),'TH_CMI GRADE 10'!$B$7:$B$49,0))="P")+ --(INDEX('TH_CMI GRADE 10'!$AO$7:$AO$49,MATCH(LEFT($A101,LEN($A101)-2),'TH_CMI GRADE 10'!$B$7:$B$49,0))="P"), 0) -> 2 | D101: {=_xlfn.LET(_xlpm.k,LEFT(A101,LEN(A101)-2),_xlpm.idx,IFERROR(MATCH(_xlpm.k,'TH_CMI GRADE 10'!$B$7:$B$49,0),0),IF(_xlpm.idx=0,FALSE,_xlfn.LET(_xlpm.plg,INDEX('TH_CMI GRADE 10'!$AV$7:$BN$49,_xlpm.idx,{1;4;7;10;13;16;19}),_xlpm.dmin,IF(COUNTA(_xlpm.plg)=0,0,MIN(_xlpm.plg)),IF(_xlpm.dmin=0,FALSE,_xlpm.dmin<=TODAY()))))} -> TRUE | E101: =IFERROR(IF(AND(D101=TRUE(),C101/B101<=1),C101/B101,IF(AND(D101=TRUE(),C101/B101>1),1,"")),0) -> 1 | F101: 2.3.1.C | G101: 2 | H101: =IFERROR( --(INDEX('PW_CMI GRADE 10'!$E$7:$E$49,MATCH(LEFT($A101,LEN($A101)-2),'PW_CMI GRADE 10'!$B$7:$B$49,0))="P")+ --(INDEX('PW_CMI GRADE 10'!$K$7:$K$49,MATCH(LEFT($A101,LEN($A101)-2),'PW_CMI GRADE 10'!$B$7:$B$49,0))="P")+ --(INDEX('PW_CMI GRADE 10'!$Q$7:$Q$49,MATCH(LEFT($A101,LEN($A101)-2),'PW_CMI GRADE 10'!$B$7:$B$49,0))="P")+ --(INDEX('PW_CMI GRADE 10'!$W$7:$W$49,MATCH(LEFT($A101,LEN($A101)-2),'PW_CMI GRADE 10'!$B$7:$B$49,0))="P")+ --(INDEX('PW_CMI GRADE 10'!$AC$7:$AC$49,MATCH(LEFT($A101,LEN($A101)-2),'PW_CMI GRADE 10'!$B$7:$B$49,0))="P")+ --(INDEX('PW_CMI GRADE 10'!$AI$7:$AI$49,MATCH(LEFT($A101,LEN($A101)-2),'PW_CMI GRADE 10'!$B$7:$B$49,0))="P")+ --(INDEX('PW_CMI GRADE 10'!$AO$7:$AO$49,MATCH(LEFT($A101,LEN($A101)-2),'PW_CMI GRADE 10'!$B$7:$B$49,0))="P"), 0) -> 0 | I101: {=_xlfn.LET(_xlpm.k,LEFT($A101,LEN($A101)-2),_xlpm.idx,IFERROR(MATCH(_xlpm.k,'PW_CMI GRADE 10'!$B$7:$B$31,0),0),IF(_xlpm.idx=0,FALSE,_xlfn.LET(_xlpm.plg,INDEX('PW_CMI GRADE 10'!$AV$7:$BN$31,_xlpm.idx,{1;4;7;10;13;16;19}),_xlpm.dmin,IF(COUNTA(_xlpm.plg)=0,0,MIN(_xlpm.plg)),IF(_xlpm.dmin=0,FALSE,_xlpm.dmin<=TODAY()))))} -> FALSE | J101: =IFERROR(IF(AND(I101=TRUE(),H101/G101<=1),H101/G101,IF(AND(I101=TRUE(),H101/G101>1),1,"")),0)
A102: 2.3.2.C | B102: 2 | C102: =IFERROR( --(INDEX('TH_CMI GRADE 10'!$E$7:$E$49,MATCH(LEFT($A102,LEN($A102)-2),'TH_CMI GRADE 10'!$B$7:$B$49,0))="P")+ --(INDEX('TH_CMI GRADE 10'!$K$7:$K$49,MATCH(LEFT($A102,LEN($A102)-2),'TH_CMI GRADE 10'!$B$7:$B$49,0))="P")+ --(INDEX('TH_CMI GRADE 10'!$Q$7:$Q$49,MATCH(LEFT($A102,LEN($A102)-2),'TH_CMI GRADE 10'!$B$7:$B$49,0))="P")+ --(INDEX('TH_CMI GRADE 10'!$W$7:$W$49,MATCH(LEFT($A102,LEN($A102)-2),'TH_CMI GRADE 10'!$B$7:$B$49,0))="P")+ --(INDEX('TH_CMI GRADE 10'!$AC$7:$AC$49,MATCH(LEFT($A102,LEN($A102)-2),'TH_CMI GRADE 10'!$B$7:$B$49,0))="P")+ --(INDEX('TH_CMI GRADE 10'!$AI$7:$AI$49,MATCH(LEFT($A102,LEN($A102)-2),'TH_CMI GRADE 10'!$B$7:$B$49,0))="P")+ --(INDEX('TH_CMI GRADE 10'!$AO$7:$AO$49,MATCH(LEFT($A102,LEN($A102)-2),'TH_CMI GRADE 10'!$B$7:$B$49,0))="P"), 0) -> 2 | D102: {=_xlfn.LET(_xlpm.k,LEFT(A102,LEN(A102)-2),_xlpm.idx,IFERROR(MATCH(_xlpm.k,'TH_CMI GRADE 10'!$B$7:$B$49,0),0),IF(_xlpm.idx=0,FALSE,_xlfn.LET(_xlpm.plg,INDEX('TH_CMI GRADE 10'!$AV$7:$BN$49,_xlpm.idx,{1;4;7;10;13;16;19}),_xlpm.dmin,IF(COUNTA(_xlpm.plg)=0,0,MIN(_xlpm.plg)),IF(_xlpm.dmin=0,FALSE,_xlpm.dmin<=TODAY()))))} -> TRUE | E102: =IFERROR(IF(AND(D102=TRUE(),C102/B102<=1),C102/B102,IF(AND(D102=TRUE(),C102/B102>1),1,"")),0) -> 1 | F102: 2.3.2.C | G102: 2 | H102: =IFERROR( --(INDEX('PW_CMI GRADE 10'!$E$7:$E$49,MATCH(LEFT($A102,LEN($A102)-2),'PW_CMI GRADE 10'!$B$7:$B$49,0))="P")+ --(INDEX('PW_CMI GRADE 10'!$K$7:$K$49,MATCH(LEFT($A102,LEN($A102)-2),'PW_CMI GRADE 10'!$B$7:$B$49,0))="P")+ --(INDEX('PW_CMI GRADE 10'!$Q$7:$Q$49,MATCH(LEFT($A102,LEN($A102)-2),'PW_CMI GRADE 10'!$B$7:$B$49,0))="P")+ --(INDEX('PW_CMI GRADE 10'!$W$7:$W$49,MATCH(LEFT($A102,LEN($A102)-2),'PW_CMI GRADE 10'!$B$7:$B$49,0))="P")+ --(INDEX('PW_CMI GRADE 10'!$AC$7:$AC$49,MATCH(LEFT($A102,LEN($A102)-2),'PW_CMI GRADE 10'!$B$7:$B$49,0))="P")+ --(INDEX('PW_CMI GRADE 10'!$AI$7:$AI$49,MATCH(LEFT($A102,LEN($A102)-2),'PW_CMI GRADE 10'!$B$7:$B$49,0))="P")+ --(INDEX('PW_CMI GRADE 10'!$AO$7:$AO$49,MATCH(LEFT($A102,LEN($A102)-2),'PW_CMI GRADE 10'!$B$7:$B$49,0))="P"), 0) -> 0 | I102: {=_xlfn.LET(_xlpm.k,LEFT($A102,LEN($A102)-2),_xlpm.idx,IFERROR(MATCH(_xlpm.k,'PW_CMI GRADE 10'!$B$7:$B$31,0),0),IF(_xlpm.idx=0,FALSE,_xlfn.LET(_xlpm.plg,INDEX('PW_CMI GRADE 10'!$AV$7:$BN$31,_xlpm.idx,{1;4;7;10;13;16;19}),_xlpm.dmin,IF(COUNTA(_xlpm.plg)=0,0,MIN(_xlpm.plg)),IF(_xlpm.dmin=0,FALSE,_xlpm.dmin<=TODAY()))))} -> FALSE | J102: =IFERROR(IF(AND(I102=TRUE(),H102/G102<=1),H102/G102,IF(AND(I102=TRUE(),H102/G102>1),1,"")),0)
